group_id	context	original	candidate	operation	label	source	reason
generated:0000:layout		djn 	вот 	layout	1	data/nanda_wave_synthetic_cases.tsv	layout
generated:0000:layout		djn 	djn 	keep	0	data/nanda_wave_synthetic_cases.tsv	layout
generated:0000:layout		djn 	djn	glue	0	data/nanda_wave_synthetic_cases.tsv	layout
generated:0001:layout		ghbdtn 	привет 	layout	1	data/nanda_wave_synthetic_cases.tsv	layout
generated:0001:layout		ghbdtn 	ghbdtn 	keep	0	data/nanda_wave_synthetic_cases.tsv	layout
generated:0001:layout		ghbdtn 	ghbdtn	glue	0	data/nanda_wave_synthetic_cases.tsv	layout
generated:0002:layout		gjhn 	порт 	layout	1	data/nanda_wave_synthetic_cases.tsv	layout
generated:0002:layout		gjhn 	gjhn 	keep	0	data/nanda_wave_synthetic_cases.tsv	layout
generated:0002:layout		gjhn 	gjhn	glue	0	data/nanda_wave_synthetic_cases.tsv	layout
generated:0003:layout_context		html djn 	html вот 	layout	1	data/nanda_wave_synthetic_cases.tsv	layout_context
generated:0003:layout_context		html djn 	html djn 	keep	0	data/nanda_wave_synthetic_cases.tsv	layout_context
generated:0003:layout_context		html djn 	реьд вот 	layout	0	data/nanda_wave_synthetic_cases.tsv	layout_context
generated:0003:layout_context		html djn 	htmldjn	glue	0	data/nanda_wave_synthetic_cases.tsv	layout_context
generated:0004:layout_context		порт port gjhn 	порт port порт 	layout	1	data/nanda_wave_synthetic_cases.tsv	layout_context
generated:0004:layout_context		порт port gjhn 	порт port gjhn 	keep	0	data/nanda_wave_synthetic_cases.tsv	layout_context
generated:0004:layout_context		порт port gjhn 	gjhn port gjhn 	layout	0	data/nanda_wave_synthetic_cases.tsv	layout_context
generated:0004:layout_context		порт port gjhn 	порт зщке порт 	layout	0	data/nanda_wave_synthetic_cases.tsv	layout_context
generated:0004:layout_context		порт port gjhn 	портportgjhn	glue	0	data/nanda_wave_synthetic_cases.tsv	layout_context
generated:0005:veto		git checkout -b test 	git checkout -b test 	keep	1	data/nanda_wave_synthetic_cases.tsv	veto
generated:0005:veto		git checkout -b test 	пше сруслщге -и еуые 	layout	0	data/nanda_wave_synthetic_cases.tsv	veto
generated:0005:veto		git checkout -b test 	gitcheckout-btest	glue	0	data/nanda_wave_synthetic_cases.tsv	veto
generated:0006:veto		api token 	api token 	keep	1	data/nanda_wave_synthetic_cases.tsv	veto
generated:0006:veto		api token 	фзш ещлут 	layout	0	data/nanda_wave_synthetic_cases.tsv	veto
generated:0006:veto		api token 	apitoken	glue	0	data/nanda_wave_synthetic_cases.tsv	veto
generated:0007:veto		vpn config 	vpn config 	keep	1	data/nanda_wave_synthetic_cases.tsv	veto
generated:0007:veto		vpn config 	мзт сщташп 	layout	0	data/nanda_wave_synthetic_cases.tsv	veto
generated:0007:veto		vpn config 	vpnconfig	glue	0	data/nanda_wave_synthetic_cases.tsv	veto
generated:0008:keep		wechat 	wechat 	keep	1	data/nanda_wave_synthetic_cases.tsv	keep
generated:0008:keep		wechat 	цусрфе 	layout	0	data/nanda_wave_synthetic_cases.tsv	keep
generated:0008:keep		wechat 	wechat	glue	0	data/nanda_wave_synthetic_cases.tsv	keep
generated:0009:keep		file 	file 	keep	1	data/nanda_wave_synthetic_cases.tsv	keep
generated:0009:keep		file 	ашду 	layout	0	data/nanda_wave_synthetic_cases.tsv	keep
generated:0009:keep		file 	file	glue	0	data/nanda_wave_synthetic_cases.tsv	keep
generated:0010:split		у насесть 	у нас есть 	split	1	data/nanda_wave_synthetic_cases.tsv	split
generated:0010:split		у насесть 	у насесть 	keep	0	data/nanda_wave_synthetic_cases.tsv	split
generated:0010:split		у насесть 	e yfctcnm 	layout	0	data/nanda_wave_synthetic_cases.tsv	split
generated:0010:split		у насесть 	унасесть	glue	0	data/nanda_wave_synthetic_cases.tsv	split
generated:0011:split		янебуду 	я не буду 	split	1	data/nanda_wave_synthetic_cases.tsv	split
generated:0011:split		янебуду 	янебуду 	keep	0	data/nanda_wave_synthetic_cases.tsv	split
generated:0011:split		янебуду 	zyt,ele 	layout	0	data/nanda_wave_synthetic_cases.tsv	split
generated:0011:split		янебуду 	янебуду	glue	0	data/nanda_wave_synthetic_cases.tsv	split
generated:0012:split		тожесамое 	тоже самое 	split	1	data/nanda_wave_synthetic_cases.tsv	split
generated:0012:split		тожесамое 	тожесамое 	keep	0	data/nanda_wave_synthetic_cases.tsv	split
generated:0012:split		тожесамое 	nj;tcfvjt 	layout	0	data/nanda_wave_synthetic_cases.tsv	split
generated:0012:split		тожесамое 	тожесамое	glue	0	data/nanda_wave_synthetic_cases.tsv	split
generated:0013:typo		кторое 	которое 	typo	1	data/nanda_wave_synthetic_cases.tsv	typo
generated:0013:typo		кторое 	кторое 	keep	0	data/nanda_wave_synthetic_cases.tsv	typo
generated:0013:typo		кторое 	rnjhjt 	layout	0	data/nanda_wave_synthetic_cases.tsv	typo
generated:0013:typo		кторое 	кторое	glue	0	data/nanda_wave_synthetic_cases.tsv	typo
generated:0014:typo		прболема 	проблема 	typo	1	data/nanda_wave_synthetic_cases.tsv	typo
generated:0014:typo		прболема 	прболема 	keep	0	data/nanda_wave_synthetic_cases.tsv	typo
generated:0014:typo		прболема 	gh,jktvf 	layout	0	data/nanda_wave_synthetic_cases.tsv	typo
generated:0014:typo		прболема 	прболема	glue	0	data/nanda_wave_synthetic_cases.tsv	typo
generated:0015:typo		перпаратов 	препаратов 	typo	1	data/nanda_wave_synthetic_cases.tsv	typo
generated:0015:typo		перпаратов 	перпаратов 	keep	0	data/nanda_wave_synthetic_cases.tsv	typo
generated:0015:typo		перпаратов 	gthgfhfnjd 	layout	0	data/nanda_wave_synthetic_cases.tsv	typo
generated:0015:typo		перпаратов 	перпаратов	glue	0	data/nanda_wave_synthetic_cases.tsv	typo
generated:0016:grammar		фразы связанности 	фразовой связности 	typo	1	data/nanda_wave_synthetic_cases.tsv	grammar
generated:0016:grammar		фразы связанности 	фразы связанности 	keep	0	data/nanda_wave_synthetic_cases.tsv	grammar
generated:0016:grammar		фразы связанности 	ahfps cdzpfyyjcnb 	layout	0	data/nanda_wave_synthetic_cases.tsv	grammar
generated:0016:grammar		фразы связанности 	фразысвязанности	glue	0	data/nanda_wave_synthetic_cases.tsv	grammar
generated:0017:keep		клетка моды 	клетка моды 	keep	1	data/nanda_wave_synthetic_cases.tsv	keep
generated:0017:keep		клетка моды 	rktnrf vjls 	layout	0	data/nanda_wave_synthetic_cases.tsv	keep
generated:0017:keep		клетка моды 	клеткамоды	glue	0	data/nanda_wave_synthetic_cases.tsv	keep
generated:0018:keep		NANDA клетка 	NANDA клетка 	keep	1	data/nanda_wave_synthetic_cases.tsv	keep
generated:0018:keep		NANDA клетка 	NANDA rktnrf 	layout	0	data/nanda_wave_synthetic_cases.tsv	keep
generated:0018:keep		NANDA клетка 	ТФТВФ клетка 	layout	0	data/nanda_wave_synthetic_cases.tsv	keep
generated:0018:keep		NANDA клетка 	NANDAклетка	glue	0	data/nanda_wave_synthetic_cases.tsv	keep
generated:0019:grammar		Nande клетка 	NANDA клетка 	typo	1	data/nanda_wave_synthetic_cases.tsv	grammar
generated:0019:grammar		Nande клетка 	Nande клетка 	keep	0	data/nanda_wave_synthetic_cases.tsv	grammar
generated:0019:grammar		Nande клетка 	Nande rktnrf 	layout	0	data/nanda_wave_synthetic_cases.tsv	grammar
generated:0019:grammar		Nande клетка 	Тфтву клетка 	layout	0	data/nanda_wave_synthetic_cases.tsv	grammar
generated:0019:grammar		Nande клетка 	Nandeклетка	glue	0	data/nanda_wave_synthetic_cases.tsv	grammar
generated:0020:layout_context		вот djn 	вот вот 	layout	1	data/nanda_wave_synthetic_cases.tsv	layout_context
generated:0020:layout_context		вот djn 	вот djn 	keep	0	data/nanda_wave_synthetic_cases.tsv	layout_context
generated:0020:layout_context		вот djn 	djn djn 	layout	0	data/nanda_wave_synthetic_cases.tsv	layout_context
generated:0020:layout_context		вот djn 	вотdjn	glue	0	data/nanda_wave_synthetic_cases.tsv	layout_context
generated:0021:layout_context		мы gjhn 	мы порт 	layout	1	data/nanda_wave_synthetic_cases.tsv	layout_context
generated:0021:layout_context		мы gjhn 	мы gjhn 	keep	0	data/nanda_wave_synthetic_cases.tsv	layout_context
generated:0021:layout_context		мы gjhn 	vs gjhn 	layout	0	data/nanda_wave_synthetic_cases.tsv	layout_context
generated:0021:layout_context		мы gjhn 	мыgjhn	glue	0	data/nanda_wave_synthetic_cases.tsv	layout_context
generated:0022:keep		я file 	я file 	keep	1	data/nanda_wave_synthetic_cases.tsv	keep
generated:0022:keep		я file 	z file 	layout	0	data/nanda_wave_synthetic_cases.tsv	keep
generated:0022:keep		я file 	я ашду 	layout	0	data/nanda_wave_synthetic_cases.tsv	keep
generated:0022:keep		я file 	яfile	glue	0	data/nanda_wave_synthetic_cases.tsv	keep
generated:0023:veto		api djn 	api djn 	keep	1	data/nanda_wave_synthetic_cases.tsv	veto
generated:0023:veto		api djn 	фзш вот 	layout	0	data/nanda_wave_synthetic_cases.tsv	veto
generated:0023:veto		api djn 	apidjn	glue	0	data/nanda_wave_synthetic_cases.tsv	veto
generated:0024:veto		git djn 	git djn 	keep	1	data/nanda_wave_synthetic_cases.tsv	veto
generated:0024:veto		git djn 	пше вот 	layout	0	data/nanda_wave_synthetic_cases.tsv	veto
generated:0024:veto		git djn 	gitdjn	glue	0	data/nanda_wave_synthetic_cases.tsv	veto
generated:0025:veto		cd test 	cd test 	keep	1	data/nanda_wave_synthetic_cases.tsv	veto
generated:0025:veto		cd test 	св еуые 	layout	0	data/nanda_wave_synthetic_cases.tsv	veto
generated:0025:veto		cd test 	cdtest	glue	0	data/nanda_wave_synthetic_cases.tsv	veto
generated:0026:veto		ssh key 	ssh key 	keep	1	data/nanda_wave_synthetic_cases.tsv	veto
generated:0026:veto		ssh key 	ыыр лун 	layout	0	data/nanda_wave_synthetic_cases.tsv	veto
generated:0026:veto		ssh key 	sshkey	glue	0	data/nanda_wave_synthetic_cases.tsv	veto
generated:0027:veto		docker run 	docker run 	keep	1	data/nanda_wave_synthetic_cases.tsv	veto
generated:0027:veto		docker run 	вщслук кгт 	layout	0	data/nanda_wave_synthetic_cases.tsv	veto
generated:0027:veto		docker run 	dockerrun	glue	0	data/nanda_wave_synthetic_cases.tsv	veto
generated:0028:layout_context		html djn api 	html вот api 	layout	1	data/nanda_wave_synthetic_cases.tsv	layout_context
generated:0028:layout_context		html djn api 	html djn api 	keep	0	data/nanda_wave_synthetic_cases.tsv	layout_context
generated:0028:layout_context		html djn api 	реьд вот фзш 	layout	0	data/nanda_wave_synthetic_cases.tsv	layout_context
generated:0028:layout_context		html djn api 	htmldjnapi	glue	0	data/nanda_wave_synthetic_cases.tsv	layout_context
generated:0029:split		онаубыточная 	она убыточная 	split	1	data/nanda_wave_synthetic_cases.tsv	split
generated:0029:split		онаубыточная 	онаубыточная 	keep	0	data/nanda_wave_synthetic_cases.tsv	split
generated:0029:split		онаубыточная 	jyfe,snjxyfz 	layout	0	data/nanda_wave_synthetic_cases.tsv	split
generated:0029:split		онаубыточная 	онаубыточная	glue	0	data/nanda_wave_synthetic_cases.tsv	split
generated:0030:split		ониготовы 	они готовы 	split	1	data/nanda_wave_synthetic_cases.tsv	split
generated:0030:split		ониготовы 	ониготовы 	keep	0	data/nanda_wave_synthetic_cases.tsv	split
generated:0030:split		ониготовы 	jybujnjds 	layout	0	data/nanda_wave_synthetic_cases.tsv	split
generated:0030:split		ониготовы 	ониготовы	glue	0	data/nanda_wave_synthetic_cases.tsv	split
generated:0031:split		какпроверка 	как проверка 	split	1	data/nanda_wave_synthetic_cases.tsv	split
generated:0031:split		какпроверка 	какпроверка 	keep	0	data/nanda_wave_synthetic_cases.tsv	split
generated:0031:split		какпроверка 	rfrghjdthrf 	layout	0	data/nanda_wave_synthetic_cases.tsv	split
generated:0031:split		какпроверка 	какпроверка	glue	0	data/nanda_wave_synthetic_cases.tsv	split
generated:0032:split		слови 	слов и 	split	1	data/nanda_wave_synthetic_cases.tsv	split
generated:0032:split		слови 	слови 	keep	0	data/nanda_wave_synthetic_cases.tsv	split
generated:0032:split		слови 	ckjdb 	layout	0	data/nanda_wave_synthetic_cases.tsv	split
generated:0032:split		слови 	слови	glue	0	data/nanda_wave_synthetic_cases.tsv	split
generated:0033:typo		ктороый 	который 	typo	1	data/nanda_wave_synthetic_cases.tsv	typo
generated:0033:typo		ктороый 	ктороый 	keep	0	data/nanda_wave_synthetic_cases.tsv	typo
generated:0033:typo		ктороый 	rnjhjsq 	layout	0	data/nanda_wave_synthetic_cases.tsv	typo
generated:0033:typo		ктороый 	ктороый	glue	0	data/nanda_wave_synthetic_cases.tsv	typo
generated:0034:typo		рабоатет 	работает 	typo	1	data/nanda_wave_synthetic_cases.tsv	typo
generated:0034:typo		рабоатет 	рабоатет 	keep	0	data/nanda_wave_synthetic_cases.tsv	typo
generated:0034:typo		рабоатет 	hf,jfntn 	layout	0	data/nanda_wave_synthetic_cases.tsv	typo
generated:0034:typo		рабоатет 	рабоатет	glue	0	data/nanda_wave_synthetic_cases.tsv	typo
generated:0035:typo		использоватся 	использоваться 	typo	1	data/nanda_wave_synthetic_cases.tsv	typo
generated:0035:typo		использоватся 	использоватся 	keep	0	data/nanda_wave_synthetic_cases.tsv	typo
generated:0035:typo		использоватся 	bcgjkmpjdfncz 	layout	0	data/nanda_wave_synthetic_cases.tsv	typo
generated:0035:typo		использоватся 	использоватся	glue	0	data/nanda_wave_synthetic_cases.tsv	typo
generated:0036:grammar		фраза связанности 	фразовой связности 	typo	1	data/nanda_wave_synthetic_cases.tsv	grammar
generated:0036:grammar		фраза связанности 	фраза связанности 	keep	0	data/nanda_wave_synthetic_cases.tsv	grammar
generated:0036:grammar		фраза связанности 	ahfpf cdzpfyyjcnb 	layout	0	data/nanda_wave_synthetic_cases.tsv	grammar
generated:0036:grammar		фраза связанности 	фразасвязанности	glue	0	data/nanda_wave_synthetic_cases.tsv	grammar
generated:0037:grammar		русская фраза связанности 	русская фразовая связность 	typo	1	data/nanda_wave_synthetic_cases.tsv	grammar
generated:0037:grammar		русская фраза связанности 	русская фраза связанности 	keep	0	data/nanda_wave_synthetic_cases.tsv	grammar
generated:0037:grammar		русская фраза связанности 	heccrfz ahfpf cdzpfyyjcnb 	layout	0	data/nanda_wave_synthetic_cases.tsv	grammar
generated:0037:grammar		русская фраза связанности 	русскаяфразасвязанности	glue	0	data/nanda_wave_synthetic_cases.tsv	grammar
generated:0038:typo		система автокрекции 	система автокоррекции 	typo	1	data/nanda_wave_synthetic_cases.tsv	typo
generated:0038:typo		система автокрекции 	система автокрекции 	keep	0	data/nanda_wave_synthetic_cases.tsv	typo
generated:0038:typo		система автокрекции 	cbcntvf fdnjrhtrwbb 	layout	0	data/nanda_wave_synthetic_cases.tsv	typo
generated:0038:typo		система автокрекции 	системаавтокрекции	glue	0	data/nanda_wave_synthetic_cases.tsv	typo
generated:0039:protected		protected token 	protected token 	keep	1	data/nanda_wave_synthetic_cases.tsv	protected
generated:0039:protected		protected token 	зкщеусеув ещлут 	layout	0	data/nanda_wave_synthetic_cases.tsv	protected
generated:0039:protected		protected token 	protectedtoken	glue	0	data/nanda_wave_synthetic_cases.tsv	protected
generated:0040:keep		NANDA wave 	NANDA wave 	keep	1	data/nanda_wave_synthetic_cases.tsv	keep
generated:0040:keep		NANDA wave 	ТФТВФ цфму 	layout	0	data/nanda_wave_synthetic_cases.tsv	keep
generated:0040:keep		NANDA wave 	NANDAwave	glue	0	data/nanda_wave_synthetic_cases.tsv	keep
generated:0041:layout		QR-rjlf 	QR-кода 	layout	1	data/nanda_wave_synthetic_cases.tsv	layout
generated:0041:layout		QR-rjlf 	QR-rjlf 	keep	0	data/nanda_wave_synthetic_cases.tsv	layout
generated:0041:layout		QR-rjlf 	ЙК-кода 	layout	0	data/nanda_wave_synthetic_cases.tsv	layout
generated:0041:layout		QR-rjlf 	QR-rjlf	glue	0	data/nanda_wave_synthetic_cases.tsv	layout
generated:0042:layout		цусрфе 	wechat 	layout	1	data/nanda_wave_synthetic_cases.tsv	layout
generated:0042:layout		цусрфе 	цусрфе 	keep	0	data/nanda_wave_synthetic_cases.tsv	layout
generated:0042:layout		цусрфе 	цусрфе	glue	0	data/nanda_wave_synthetic_cases.tsv	layout
generated:0043:keep		тест Ghjljkbv file 	тест Ghjljkbv file 	keep	1	data/nanda_wave_synthetic_cases.tsv	keep
generated:0043:keep		тест Ghjljkbv file 	ntcn Ghjljkbv file 	layout	0	data/nanda_wave_synthetic_cases.tsv	keep
generated:0043:keep		тест Ghjljkbv file 	тест Продолим ашду 	layout	0	data/nanda_wave_synthetic_cases.tsv	keep
generated:0043:keep		тест Ghjljkbv file 	тестGhjljkbvfile	glue	0	data/nanda_wave_synthetic_cases.tsv	keep
generated:0044:grammar		Помогу мне 	Помоги мне 	typo	1	data/nanda_wave_synthetic_cases.tsv	grammar
generated:0044:grammar		Помогу мне 	Помогу мне 	keep	0	data/nanda_wave_synthetic_cases.tsv	grammar
generated:0044:grammar		Помогу мне 	Gjvjue vyt 	layout	0	data/nanda_wave_synthetic_cases.tsv	grammar
generated:0044:grammar		Помогу мне 	Помогумне	glue	0	data/nanda_wave_synthetic_cases.tsv	grammar
generated:0045:typo		пркогниция 	прекогниция 	typo	1	data/nanda_wave_synthetic_cases.tsv	typo
generated:0045:typo		пркогниция 	пркогниция 	keep	0	data/nanda_wave_synthetic_cases.tsv	typo
generated:0045:typo		пркогниция 	ghrjuybwbz 	layout	0	data/nanda_wave_synthetic_cases.tsv	typo
generated:0045:typo		пркогниция 	пркогниция	glue	0	data/nanda_wave_synthetic_cases.tsv	typo
generated:0046:typo		растравлять 	расставлять 	typo	1	data/nanda_wave_synthetic_cases.tsv	typo
generated:0046:typo		растравлять 	растравлять 	keep	0	data/nanda_wave_synthetic_cases.tsv	typo
generated:0046:typo		растравлять 	hfcnhfdkznm 	layout	0	data/nanda_wave_synthetic_cases.tsv	typo
generated:0046:typo		растравлять 	растравлять	glue	0	data/nanda_wave_synthetic_cases.tsv	typo
generated:0047:punctuation		грамотно исправляй 	грамотно: исправляй 	layout	1	data/nanda_wave_synthetic_cases.tsv	punctuation
generated:0047:punctuation		грамотно исправляй 	грамотно исправляй 	keep	0	data/nanda_wave_synthetic_cases.tsv	punctuation
generated:0047:punctuation		грамотно исправляй 	uhfvjnyj bcghfdkzq 	layout	0	data/nanda_wave_synthetic_cases.tsv	punctuation
generated:0047:punctuation		грамотно исправляй 	грамотноисправляй	glue	0	data/nanda_wave_synthetic_cases.tsv	punctuation
generated:0048:punctuation		русский запятые 	русский. Запятые 	layout	1	data/nanda_wave_synthetic_cases.tsv	punctuation
generated:0048:punctuation		русский запятые 	русский запятые 	keep	0	data/nanda_wave_synthetic_cases.tsv	punctuation
generated:0048:punctuation		русский запятые 	heccrbq pfgznst 	layout	0	data/nanda_wave_synthetic_cases.tsv	punctuation
generated:0048:punctuation		русский запятые 	русскийзапятые	glue	0	data/nanda_wave_synthetic_cases.tsv	punctuation
generated:0049:grammar		бери ты их 	бери их 	typo	1	data/nanda_wave_synthetic_cases.tsv	grammar
generated:0049:grammar		бери ты их 	бери ты их 	keep	0	data/nanda_wave_synthetic_cases.tsv	grammar
generated:0049:grammar		бери ты их 	,thb ns b[ 	layout	0	data/nanda_wave_synthetic_cases.tsv	grammar
generated:0049:grammar		бери ты их 	беритыих	glue	0	data/nanda_wave_synthetic_cases.tsv	grammar
generated:0050:typo		атозамена 	автозамена 	typo	1	data/nanda_wave_synthetic_cases.tsv	typo
generated:0050:typo		атозамена 	атозамена 	keep	0	data/nanda_wave_synthetic_cases.tsv	typo
generated:0050:typo		атозамена 	fnjpfvtyf 	layout	0	data/nanda_wave_synthetic_cases.tsv	typo
generated:0050:typo		атозамена 	атозамена	glue	0	data/nanda_wave_synthetic_cases.tsv	typo
generated:0051:typo		испрть 	исправить 	typo	1	data/nanda_wave_synthetic_cases.tsv	typo
generated:0051:typo		испрть 	испрть 	keep	0	data/nanda_wave_synthetic_cases.tsv	typo
generated:0051:typo		испрть 	bcghnm 	layout	0	data/nanda_wave_synthetic_cases.tsv	typo
generated:0051:typo		испрть 	испрть	glue	0	data/nanda_wave_synthetic_cases.tsv	typo
generated:0052:typo		ошбки 	ошибки 	typo	1	data/nanda_wave_synthetic_cases.tsv	typo
generated:0052:typo		ошбки 	ошбки 	keep	0	data/nanda_wave_synthetic_cases.tsv	typo
generated:0052:typo		ошбки 	ji,rb 	layout	0	data/nanda_wave_synthetic_cases.tsv	typo
generated:0052:typo		ошбки 	ошбки	glue	0	data/nanda_wave_synthetic_cases.tsv	typo
generated:0053:grammar		что бы видит 	чтобы видеть 	typo	1	data/nanda_wave_synthetic_cases.tsv	grammar
generated:0053:grammar		что бы видит 	что бы видит 	keep	0	data/nanda_wave_synthetic_cases.tsv	grammar
generated:0053:grammar		что бы видит 	xnj ,s dblbn 	layout	0	data/nanda_wave_synthetic_cases.tsv	grammar
generated:0053:grammar		что бы видит 	чтобывидит	glue	0	data/nanda_wave_synthetic_cases.tsv	grammar
generated:0054:typo		приимущестов 	преимущество 	typo	1	data/nanda_wave_synthetic_cases.tsv	typo
generated:0054:typo		приимущестов 	приимущестов 	keep	0	data/nanda_wave_synthetic_cases.tsv	typo
generated:0054:typo		приимущестов 	ghbbveotcnjd 	layout	0	data/nanda_wave_synthetic_cases.tsv	typo
generated:0054:typo		приимущестов 	приимущестов	glue	0	data/nanda_wave_synthetic_cases.tsv	typo
generated:0055:grammar		есть приимущестов 	есть преимущество 	typo	1	data/nanda_wave_synthetic_cases.tsv	grammar
generated:0055:grammar		есть приимущестов 	есть приимущестов 	keep	0	data/nanda_wave_synthetic_cases.tsv	grammar
generated:0055:grammar		есть приимущестов 	tcnm ghbbveotcnjd 	layout	0	data/nanda_wave_synthetic_cases.tsv	grammar
generated:0055:grammar		есть приимущестов 	естьприимущестов	glue	0	data/nanda_wave_synthetic_cases.tsv	grammar
generated:0056:typo		прикогницей 	прекогницией 	typo	1	data/nanda_wave_synthetic_cases.tsv	typo
generated:0056:typo		прикогницей 	прикогницей 	keep	0	data/nanda_wave_synthetic_cases.tsv	typo
generated:0056:typo		прикогницей 	ghbrjuybwtq 	layout	0	data/nanda_wave_synthetic_cases.tsv	typo
generated:0056:typo		прикогницей 	прикогницей	glue	0	data/nanda_wave_synthetic_cases.tsv	typo
generated:0057:grammar		включено прикогницей 	включенной прекогницией 	typo	1	data/nanda_wave_synthetic_cases.tsv	grammar
generated:0057:grammar		включено прикогницей 	включено прикогницей 	keep	0	data/nanda_wave_synthetic_cases.tsv	grammar
generated:0057:grammar		включено прикогницей 	drk.xtyj ghbrjuybwtq 	layout	0	data/nanda_wave_synthetic_cases.tsv	grammar
generated:0057:grammar		включено прикогницей 	включеноприкогницей	glue	0	data/nanda_wave_synthetic_cases.tsv	grammar
generated:0058:grammar		с включено прикогницей 	с включенной прекогницией 	typo	1	data/nanda_wave_synthetic_cases.tsv	grammar
generated:0058:grammar		с включено прикогницей 	с включено прикогницей 	keep	0	data/nanda_wave_synthetic_cases.tsv	grammar
generated:0058:grammar		с включено прикогницей 	c drk.xtyj ghbrjuybwtq 	layout	0	data/nanda_wave_synthetic_cases.tsv	grammar
generated:0058:grammar		с включено прикогницей 	свключеноприкогницей	glue	0	data/nanda_wave_synthetic_cases.tsv	grammar
generated:0059:typo		исправленый 	исправленный 	typo	1	data/nanda_wave_synthetic_cases.tsv	typo
generated:0059:typo		исправленый 	исправленый 	keep	0	data/nanda_wave_synthetic_cases.tsv	typo
generated:0059:typo		исправленый 	bcghfdktysq 	layout	0	data/nanda_wave_synthetic_cases.tsv	typo
generated:0059:typo		исправленый 	исправленый	glue	0	data/nanda_wave_synthetic_cases.tsv	typo
generated:0060:grammar		исправленый текст 	исправленный текст 	typo	1	data/nanda_wave_synthetic_cases.tsv	grammar
generated:0060:grammar		исправленый текст 	исправленый текст 	keep	0	data/nanda_wave_synthetic_cases.tsv	grammar
generated:0060:grammar		исправленый текст 	bcghfdktysq ntrcn 	layout	0	data/nanda_wave_synthetic_cases.tsv	grammar
generated:0060:grammar		исправленый текст 	исправленыйтекст	glue	0	data/nanda_wave_synthetic_cases.tsv	grammar
generated:0061:grammar		не исправленый текст 	неисправленный текст 	typo	1	data/nanda_wave_synthetic_cases.tsv	grammar
generated:0061:grammar		не исправленый текст 	не исправленый текст 	keep	0	data/nanda_wave_synthetic_cases.tsv	grammar
generated:0061:grammar		не исправленый текст 	yt bcghfdktysq ntrcn 	layout	0	data/nanda_wave_synthetic_cases.tsv	grammar
generated:0061:grammar		не исправленый текст 	неисправленыйтекст	glue	0	data/nanda_wave_synthetic_cases.tsv	grammar
generated:0062:typo		вобще 	вообще 	typo	1	data/nanda_wave_synthetic_cases.tsv	typo
generated:0062:typo		вобще 	вобще 	keep	0	data/nanda_wave_synthetic_cases.tsv	typo
generated:0062:typo		вобще 	dj,ot 	layout	0	data/nanda_wave_synthetic_cases.tsv	typo
generated:0062:typo		вобще 	вобще	glue	0	data/nanda_wave_synthetic_cases.tsv	typo
generated:0063:grammar		вобще L3 работает 	вообще L3 работает 	typo	1	data/nanda_wave_synthetic_cases.tsv	grammar
generated:0063:grammar		вобще L3 работает 	вобще L3 работает 	keep	0	data/nanda_wave_synthetic_cases.tsv	grammar
generated:0063:grammar		вобще L3 работает 	dj,ot L3 hf,jnftn 	layout	0	data/nanda_wave_synthetic_cases.tsv	grammar
generated:0063:grammar		вобще L3 работает 	вобще Д3 работает 	layout	0	data/nanda_wave_synthetic_cases.tsv	grammar
generated:0063:grammar		вобще L3 работает 	вобщеL3работает	glue	0	data/nanda_wave_synthetic_cases.tsv	grammar
generated:0064:typo		боле 	более 	typo	1	data/nanda_wave_synthetic_cases.tsv	typo
generated:0064:typo		боле 	боле 	keep	0	data/nanda_wave_synthetic_cases.tsv	typo
generated:0064:typo		боле 	,jkt 	layout	0	data/nanda_wave_synthetic_cases.tsv	typo
generated:0064:typo		боле 	боле	glue	0	data/nanda_wave_synthetic_cases.tsv	typo
generated:0065:typo		высокопными 	высокопарными 	typo	1	data/nanda_wave_synthetic_cases.tsv	typo
generated:0065:typo		высокопными 	высокопными 	keep	0	data/nanda_wave_synthetic_cases.tsv	typo
generated:0065:typo		высокопными 	dscjrjgysvb 	layout	0	data/nanda_wave_synthetic_cases.tsv	typo
generated:0065:typo		высокопными 	высокопными	glue	0	data/nanda_wave_synthetic_cases.tsv	typo
generated:0066:typo		это невидные 	это невалидные 	typo	1	data/nanda_wave_synthetic_cases.tsv	typo
generated:0066:typo		это невидные 	это невидные 	keep	0	data/nanda_wave_synthetic_cases.tsv	typo
generated:0066:typo		это невидные 	'nj ytdblyst 	layout	0	data/nanda_wave_synthetic_cases.tsv	typo
generated:0066:typo		это невидные 	этоневидные	glue	0	data/nanda_wave_synthetic_cases.tsv	typo
generated:0067:grammar		высокопными словами 	высокопарными словами 	typo	1	data/nanda_wave_synthetic_cases.tsv	grammar
generated:0067:grammar		высокопными словами 	высокопными словами 	keep	0	data/nanda_wave_synthetic_cases.tsv	grammar
generated:0067:grammar		высокопными словами 	dscjrjgysvb ckjdfvb 	layout	0	data/nanda_wave_synthetic_cases.tsv	grammar
generated:0067:grammar		высокопными словами 	высокопнымисловами	glue	0	data/nanda_wave_synthetic_cases.tsv	grammar
generated:0068:grammar		начну писать боле высокопными словам 	начну писать более высокопарными словами 	typo	1	data/nanda_wave_synthetic_cases.tsv	grammar
generated:0068:grammar		начну писать боле высокопными словам 	начну писать боле высокопными словам 	keep	0	data/nanda_wave_synthetic_cases.tsv	grammar
generated:0068:grammar		начну писать боле высокопными словам 	yfxye gbcfnm ,jkt dscjrjgysvb ckjdfv 	layout	0	data/nanda_wave_synthetic_cases.tsv	grammar
generated:0068:grammar		начну писать боле высокопными словам 	начнуписатьболевысокопнымисловам	glue	0	data/nanda_wave_synthetic_cases.tsv	grammar
generated:0069:grammar		сколько мне нужна вот так текста 	сколько мне нужно вот так текста 	typo	1	data/nanda_wave_synthetic_cases.tsv	grammar
generated:0069:grammar		сколько мне нужна вот так текста 	сколько мне нужна вот так текста 	keep	0	data/nanda_wave_synthetic_cases.tsv	grammar
generated:0069:grammar		сколько мне нужна вот так текста 	crjkmrj vyt ye;yf djn nfr ntrcnf 	layout	0	data/nanda_wave_synthetic_cases.tsv	grammar
generated:0069:grammar		сколько мне нужна вот так текста 	сколькомненужнавоттактекста	glue	0	data/nanda_wave_synthetic_cases.tsv	grammar
generated:0070:grammar		много тут ошибка 	много тут ошибок 	typo	1	data/nanda_wave_synthetic_cases.tsv	grammar
generated:0070:grammar		много тут ошибка 	много тут ошибка 	keep	0	data/nanda_wave_synthetic_cases.tsv	grammar
generated:0070:grammar		много тут ошибка 	vyjuj nen jib,rf 	layout	0	data/nanda_wave_synthetic_cases.tsv	grammar
generated:0070:grammar		много тут ошибка 	многотутошибка	glue	0	data/nanda_wave_synthetic_cases.tsv	grammar
generated:0071:keep		первые которые 	первые которые 	keep	1	data/nanda_wave_synthetic_cases.tsv	keep
generated:0071:keep		первые которые 	gthdst rjnjhst 	layout	0	data/nanda_wave_synthetic_cases.tsv	keep
generated:0071:keep		первые которые 	первыекоторые	glue	0	data/nanda_wave_synthetic_cases.tsv	keep
generated:0072:keep		такие условие 	такие условие 	keep	1	data/nanda_wave_synthetic_cases.tsv	keep
generated:0072:keep		такие условие 	nfrbt eckjdbt 	layout	0	data/nanda_wave_synthetic_cases.tsv	keep
generated:0072:keep		такие условие 	такиеусловие	glue	0	data/nanda_wave_synthetic_cases.tsv	keep
generated:0073:typo		другие перемнные 	другие переменные 	typo	1	data/nanda_wave_synthetic_cases.tsv	typo
generated:0073:typo		другие перемнные 	другие перемнные 	keep	0	data/nanda_wave_synthetic_cases.tsv	typo
generated:0073:typo		другие перемнные 	lheubt gthtvyyst 	layout	0	data/nanda_wave_synthetic_cases.tsv	typo
generated:0073:typo		другие перемнные 	другиеперемнные	glue	0	data/nanda_wave_synthetic_cases.tsv	typo
generated:0074:keep		обратил внимание 	обратил внимание 	keep	1	data/nanda_wave_synthetic_cases.tsv	keep
generated:0074:keep		обратил внимание 	j,hfnbk dybvfybt 	layout	0	data/nanda_wave_synthetic_cases.tsv	keep
generated:0074:keep		обратил внимание 	обратилвнимание	glue	0	data/nanda_wave_synthetic_cases.tsv	keep
generated:0075:keep		срабатывает переварачивание 	срабатывает переварачивание 	keep	1	data/nanda_wave_synthetic_cases.tsv	keep
generated:0075:keep		срабатывает переварачивание 	chf,fnsdftn gthtdfhfxbdfybt 	layout	0	data/nanda_wave_synthetic_cases.tsv	keep
generated:0075:keep		срабатывает переварачивание 	срабатываетпереварачивание	glue	0	data/nanda_wave_synthetic_cases.tsv	keep
generated:0076:keep		он проверит 	он проверит 	keep	1	data/nanda_wave_synthetic_cases.tsv	keep
generated:0076:keep		он проверит 	jy ghjdthbn 	layout	0	data/nanda_wave_synthetic_cases.tsv	keep
generated:0076:keep		он проверит 	онпроверит	glue	0	data/nanda_wave_synthetic_cases.tsv	keep
generated:0077:keep		твой проверил 	твой проверил 	keep	1	data/nanda_wave_synthetic_cases.tsv	keep
generated:0077:keep		твой проверил 	ndjq ghjdthbk 	layout	0	data/nanda_wave_synthetic_cases.tsv	keep
generated:0077:keep		твой проверил 	твойпроверил	glue	0	data/nanda_wave_synthetic_cases.tsv	keep
generated:0078:phase_surface_adjacent_transposition_00		аабжур 	абажур 	adjacent_transposition	1	data/lexicon/l2_surface_hot_ru.txt	phase_surface_adjacent_transposition_00
generated:0078:phase_surface_adjacent_transposition_00		аабжур 	аабжур 	keep	0	data/lexicon/l2_surface_hot_ru.txt	phase_surface_adjacent_transposition_00
generated:0078:phase_surface_adjacent_transposition_00		аабжур 	ff,;eh 	layout	0	data/lexicon/l2_surface_hot_ru.txt	phase_surface_adjacent_transposition_00
generated:0078:phase_surface_adjacent_transposition_00		аабжур 	аабжур	glue	0	data/lexicon/l2_surface_hot_ru.txt	phase_surface_adjacent_transposition_00
generated:0079:phase_surface_adjacent_transposition_01		абзаин 	абазин 	adjacent_transposition	1	data/lexicon/l2_surface_hot_ru.txt	phase_surface_adjacent_transposition_01
generated:0079:phase_surface_adjacent_transposition_01		абзаин 	абзаин 	keep	0	data/lexicon/l2_surface_hot_ru.txt	phase_surface_adjacent_transposition_01
generated:0079:phase_surface_adjacent_transposition_01		абзаин 	f,pfby 	layout	0	data/lexicon/l2_surface_hot_ru.txt	phase_surface_adjacent_transposition_01
generated:0079:phase_surface_adjacent_transposition_01		абзаин 	абзаин	glue	0	data/lexicon/l2_surface_hot_ru.txt	phase_surface_adjacent_transposition_01
generated:0080:phase_surface_adjacent_transposition_02		абаизя 	абазия 	adjacent_transposition	1	data/lexicon/l2_surface_hot_ru.txt	phase_surface_adjacent_transposition_02
generated:0080:phase_surface_adjacent_transposition_02		абаизя 	абаизя 	keep	0	data/lexicon/l2_surface_hot_ru.txt	phase_surface_adjacent_transposition_02
generated:0080:phase_surface_adjacent_transposition_02		абаизя 	f,fbpz 	layout	0	data/lexicon/l2_surface_hot_ru.txt	phase_surface_adjacent_transposition_02
generated:0080:phase_surface_adjacent_transposition_02		абаизя 	абаизя	glue	0	data/lexicon/l2_surface_hot_ru.txt	phase_surface_adjacent_transposition_02
generated:0081:phase_surface_adjacent_transposition_03		абакна 	абакан 	adjacent_transposition	1	data/lexicon/l2_surface_hot_ru.txt	phase_surface_adjacent_transposition_03
generated:0081:phase_surface_adjacent_transposition_03		абакна 	абакна 	keep	0	data/lexicon/l2_surface_hot_ru.txt	phase_surface_adjacent_transposition_03
generated:0081:phase_surface_adjacent_transposition_03		абакна 	f,fryf 	layout	0	data/lexicon/l2_surface_hot_ru.txt	phase_surface_adjacent_transposition_03
generated:0081:phase_surface_adjacent_transposition_03		абакна 	абакна	glue	0	data/lexicon/l2_surface_hot_ru.txt	phase_surface_adjacent_transposition_03
generated:0082:phase_surface_adjacent_transposition_04		абдомне 	абдомен 	adjacent_transposition	1	data/lexicon/l2_surface_hot_ru.txt	phase_surface_adjacent_transposition_04
generated:0082:phase_surface_adjacent_transposition_04		абдомне 	абдомне 	keep	0	data/lexicon/l2_surface_hot_ru.txt	phase_surface_adjacent_transposition_04
generated:0082:phase_surface_adjacent_transposition_04		абдомне 	f,ljvyt 	layout	0	data/lexicon/l2_surface_hot_ru.txt	phase_surface_adjacent_transposition_04
generated:0082:phase_surface_adjacent_transposition_04		абдомне 	абдомне	glue	0	data/lexicon/l2_surface_hot_ru.txt	phase_surface_adjacent_transposition_04
generated:0083:phase_surface_adjacent_transposition_05		аблеев 	абелев 	adjacent_transposition	1	data/lexicon/l2_surface_hot_ru.txt	phase_surface_adjacent_transposition_05
generated:0083:phase_surface_adjacent_transposition_05		аблеев 	аблеев 	keep	0	data/lexicon/l2_surface_hot_ru.txt	phase_surface_adjacent_transposition_05
generated:0083:phase_surface_adjacent_transposition_05		аблеев 	f,kttd 	layout	0	data/lexicon/l2_surface_hot_ru.txt	phase_surface_adjacent_transposition_05
generated:0083:phase_surface_adjacent_transposition_05		аблеев 	аблеев	glue	0	data/lexicon/l2_surface_hot_ru.txt	phase_surface_adjacent_transposition_05
generated:0084:phase_surface_adjacent_transposition_06		абредин 	абердин 	adjacent_transposition	1	data/lexicon/l2_surface_hot_ru.txt	phase_surface_adjacent_transposition_06
generated:0084:phase_surface_adjacent_transposition_06		абредин 	абредин 	keep	0	data/lexicon/l2_surface_hot_ru.txt	phase_surface_adjacent_transposition_06
generated:0084:phase_surface_adjacent_transposition_06		абредин 	f,htlby 	layout	0	data/lexicon/l2_surface_hot_ru.txt	phase_surface_adjacent_transposition_06
generated:0084:phase_surface_adjacent_transposition_06		абредин 	абредин	glue	0	data/lexicon/l2_surface_hot_ru.txt	phase_surface_adjacent_transposition_06
generated:0085:phase_surface_adjacent_transposition_07		абзцаев 	абзацев 	adjacent_transposition	1	data/lexicon/l2_surface_hot_ru.txt	phase_surface_adjacent_transposition_07
generated:0085:phase_surface_adjacent_transposition_07		абзцаев 	абзцаев 	keep	0	data/lexicon/l2_surface_hot_ru.txt	phase_surface_adjacent_transposition_07
generated:0085:phase_surface_adjacent_transposition_07		абзцаев 	f,pwftd 	layout	0	data/lexicon/l2_surface_hot_ru.txt	phase_surface_adjacent_transposition_07
generated:0085:phase_surface_adjacent_transposition_07		абзцаев 	абзцаев	glue	0	data/lexicon/l2_surface_hot_ru.txt	phase_surface_adjacent_transposition_07
generated:0086:phase_surface_adjacent_transposition_08		абзаецм 	абзацем 	adjacent_transposition	1	data/lexicon/l2_surface_hot_ru.txt	phase_surface_adjacent_transposition_08
generated:0086:phase_surface_adjacent_transposition_08		абзаецм 	абзаецм 	keep	0	data/lexicon/l2_surface_hot_ru.txt	phase_surface_adjacent_transposition_08
generated:0086:phase_surface_adjacent_transposition_08		абзаецм 	f,pftwv 	layout	0	data/lexicon/l2_surface_hot_ru.txt	phase_surface_adjacent_transposition_08
generated:0086:phase_surface_adjacent_transposition_08		абзаецм 	абзаецм	glue	0	data/lexicon/l2_surface_hot_ru.txt	phase_surface_adjacent_transposition_08
generated:0087:phase_surface_adjacent_transposition_09		абиджна 	абиджан 	adjacent_transposition	1	data/lexicon/l2_surface_hot_ru.txt	phase_surface_adjacent_transposition_09
generated:0087:phase_surface_adjacent_transposition_09		абиджна 	абиджна 	keep	0	data/lexicon/l2_surface_hot_ru.txt	phase_surface_adjacent_transposition_09
generated:0087:phase_surface_adjacent_transposition_09		абиджна 	f,bl;yf 	layout	0	data/lexicon/l2_surface_hot_ru.txt	phase_surface_adjacent_transposition_09
generated:0087:phase_surface_adjacent_transposition_09		абиджна 	абиджна	glue	0	data/lexicon/l2_surface_hot_ru.txt	phase_surface_adjacent_transposition_09
generated:0088:phase_surface_adjacent_transposition_10		аибетин 	абиетин 	adjacent_transposition	1	data/lexicon/l2_surface_hot_ru.txt	phase_surface_adjacent_transposition_10
generated:0088:phase_surface_adjacent_transposition_10		аибетин 	аибетин 	keep	0	data/lexicon/l2_surface_hot_ru.txt	phase_surface_adjacent_transposition_10
generated:0088:phase_surface_adjacent_transposition_10		аибетин 	fb,tnby 	layout	0	data/lexicon/l2_surface_hot_ru.txt	phase_surface_adjacent_transposition_10
generated:0088:phase_surface_adjacent_transposition_10		аибетин 	аибетин	glue	0	data/lexicon/l2_surface_hot_ru.txt	phase_surface_adjacent_transposition_10
generated:0089:phase_surface_adjacent_transposition_11		абинкс 	абинск 	adjacent_transposition	1	data/lexicon/l2_surface_hot_ru.txt	phase_surface_adjacent_transposition_11
generated:0089:phase_surface_adjacent_transposition_11		абинкс 	абинкс 	keep	0	data/lexicon/l2_surface_hot_ru.txt	phase_surface_adjacent_transposition_11
generated:0089:phase_surface_adjacent_transposition_11		абинкс 	f,byrc 	layout	0	data/lexicon/l2_surface_hot_ru.txt	phase_surface_adjacent_transposition_11
generated:0089:phase_surface_adjacent_transposition_11		абинкс 	абинкс	glue	0	data/lexicon/l2_surface_hot_ru.txt	phase_surface_adjacent_transposition_11
generated:0090:phase_surface_adjacent_transposition_12		аблтяив 	аблятив 	adjacent_transposition	1	data/lexicon/l2_surface_hot_ru.txt	phase_surface_adjacent_transposition_12
generated:0090:phase_surface_adjacent_transposition_12		аблтяив 	аблтяив 	keep	0	data/lexicon/l2_surface_hot_ru.txt	phase_surface_adjacent_transposition_12
generated:0090:phase_surface_adjacent_transposition_12		аблтяив 	f,knzbd 	layout	0	data/lexicon/l2_surface_hot_ru.txt	phase_surface_adjacent_transposition_12
generated:0090:phase_surface_adjacent_transposition_12		аблтяив 	аблтяив	glue	0	data/lexicon/l2_surface_hot_ru.txt	phase_surface_adjacent_transposition_12
generated:0091:phase_surface_adjacent_transposition_13		абляиця 	абляция 	adjacent_transposition	1	data/lexicon/l2_surface_hot_ru.txt	phase_surface_adjacent_transposition_13
generated:0091:phase_surface_adjacent_transposition_13		абляиця 	абляиця 	keep	0	data/lexicon/l2_surface_hot_ru.txt	phase_surface_adjacent_transposition_13
generated:0091:phase_surface_adjacent_transposition_13		абляиця 	f,kzbwz 	layout	0	data/lexicon/l2_surface_hot_ru.txt	phase_surface_adjacent_transposition_13
generated:0091:phase_surface_adjacent_transposition_13		абляиця 	абляиця	glue	0	data/lexicon/l2_surface_hot_ru.txt	phase_surface_adjacent_transposition_13
generated:0092:phase_surface_adjacent_transposition_14		абонетн 	абонент 	adjacent_transposition	1	data/lexicon/l2_surface_hot_ru.txt	phase_surface_adjacent_transposition_14
generated:0092:phase_surface_adjacent_transposition_14		абонетн 	абонетн 	keep	0	data/lexicon/l2_surface_hot_ru.txt	phase_surface_adjacent_transposition_14
generated:0092:phase_surface_adjacent_transposition_14		абонетн 	f,jytny 	layout	0	data/lexicon/l2_surface_hot_ru.txt	phase_surface_adjacent_transposition_14
generated:0092:phase_surface_adjacent_transposition_14		абонетн 	абонетн	glue	0	data/lexicon/l2_surface_hot_ru.txt	phase_surface_adjacent_transposition_14
generated:0093:phase_surface_adjacent_transposition_15		аобрдаж 	абордаж 	adjacent_transposition	1	data/lexicon/l2_surface_hot_ru.txt	phase_surface_adjacent_transposition_15
generated:0093:phase_surface_adjacent_transposition_15		аобрдаж 	аобрдаж 	keep	0	data/lexicon/l2_surface_hot_ru.txt	phase_surface_adjacent_transposition_15
generated:0093:phase_surface_adjacent_transposition_15		аобрдаж 	fj,hlf; 	layout	0	data/lexicon/l2_surface_hot_ru.txt	phase_surface_adjacent_transposition_15
generated:0093:phase_surface_adjacent_transposition_15		аобрдаж 	аобрдаж	glue	0	data/lexicon/l2_surface_hot_ru.txt	phase_surface_adjacent_transposition_15
generated:0094:phase_surface_adjacent_transposition_16		абарзив 	абразив 	adjacent_transposition	1	data/lexicon/l2_surface_hot_ru.txt	phase_surface_adjacent_transposition_16
generated:0094:phase_surface_adjacent_transposition_16		абарзив 	абарзив 	keep	0	data/lexicon/l2_surface_hot_ru.txt	phase_surface_adjacent_transposition_16
generated:0094:phase_surface_adjacent_transposition_16		абарзив 	f,fhpbd 	layout	0	data/lexicon/l2_surface_hot_ru.txt	phase_surface_adjacent_transposition_16
generated:0094:phase_surface_adjacent_transposition_16		абарзив 	абарзив	glue	0	data/lexicon/l2_surface_hot_ru.txt	phase_surface_adjacent_transposition_16
generated:0095:phase_surface_adjacent_transposition_17		абрзаия 	абразия 	adjacent_transposition	1	data/lexicon/l2_surface_hot_ru.txt	phase_surface_adjacent_transposition_17
generated:0095:phase_surface_adjacent_transposition_17		абрзаия 	абрзаия 	keep	0	data/lexicon/l2_surface_hot_ru.txt	phase_surface_adjacent_transposition_17
generated:0095:phase_surface_adjacent_transposition_17		абрзаия 	f,hpfbz 	layout	0	data/lexicon/l2_surface_hot_ru.txt	phase_surface_adjacent_transposition_17
generated:0095:phase_surface_adjacent_transposition_17		абрзаия 	абрзаия	glue	0	data/lexicon/l2_surface_hot_ru.txt	phase_surface_adjacent_transposition_17
generated:0096:phase_surface_adjacent_transposition_18		абржее 	абреже 	adjacent_transposition	1	data/lexicon/l2_surface_hot_ru.txt	phase_surface_adjacent_transposition_18
generated:0096:phase_surface_adjacent_transposition_18		абржее 	абржее 	keep	0	data/lexicon/l2_surface_hot_ru.txt	phase_surface_adjacent_transposition_18
generated:0096:phase_surface_adjacent_transposition_18		абржее 	f,h;tt 	layout	0	data/lexicon/l2_surface_hot_ru.txt	phase_surface_adjacent_transposition_18
generated:0096:phase_surface_adjacent_transposition_18		абржее 	абржее	glue	0	data/lexicon/l2_surface_hot_ru.txt	phase_surface_adjacent_transposition_18
generated:0097:phase_surface_adjacent_transposition_19		абриксо 	абрикос 	adjacent_transposition	1	data/lexicon/l2_surface_hot_ru.txt	phase_surface_adjacent_transposition_19
generated:0097:phase_surface_adjacent_transposition_19		абриксо 	абриксо 	keep	0	data/lexicon/l2_surface_hot_ru.txt	phase_surface_adjacent_transposition_19
generated:0097:phase_surface_adjacent_transposition_19		абриксо 	f,hbrcj 	layout	0	data/lexicon/l2_surface_hot_ru.txt	phase_surface_adjacent_transposition_19
generated:0097:phase_surface_adjacent_transposition_19		абриксо 	абриксо	glue	0	data/lexicon/l2_surface_hot_ru.txt	phase_surface_adjacent_transposition_19
generated:0098:phase_surface_adjacent_transposition_20		асбент 	абсент 	adjacent_transposition	1	data/lexicon/l2_surface_hot_ru.txt	phase_surface_adjacent_transposition_20
generated:0098:phase_surface_adjacent_transposition_20		асбент 	асбент 	keep	0	data/lexicon/l2_surface_hot_ru.txt	phase_surface_adjacent_transposition_20
generated:0098:phase_surface_adjacent_transposition_20		асбент 	fc,tyn 	layout	0	data/lexicon/l2_surface_hot_ru.txt	phase_surface_adjacent_transposition_20
generated:0098:phase_surface_adjacent_transposition_20		асбент 	асбент	glue	0	data/lexicon/l2_surface_hot_ru.txt	phase_surface_adjacent_transposition_20
generated:0099:phase_surface_adjacent_transposition_21		абослют 	абсолют 	adjacent_transposition	1	data/lexicon/l2_surface_hot_ru.txt	phase_surface_adjacent_transposition_21
generated:0099:phase_surface_adjacent_transposition_21		абослют 	абослют 	keep	0	data/lexicon/l2_surface_hot_ru.txt	phase_surface_adjacent_transposition_21
generated:0099:phase_surface_adjacent_transposition_21		абослют 	f,jck.n 	layout	0	data/lexicon/l2_surface_hot_ru.txt	phase_surface_adjacent_transposition_21
generated:0099:phase_surface_adjacent_transposition_21		абослют 	абослют	glue	0	data/lexicon/l2_surface_hot_ru.txt	phase_surface_adjacent_transposition_21
generated:0100:phase_surface_adjacent_transposition_22		абсруд 	абсурд 	adjacent_transposition	1	data/lexicon/l2_surface_hot_ru.txt	phase_surface_adjacent_transposition_22
generated:0100:phase_surface_adjacent_transposition_22		абсруд 	абсруд 	keep	0	data/lexicon/l2_surface_hot_ru.txt	phase_surface_adjacent_transposition_22
generated:0100:phase_surface_adjacent_transposition_22		абсруд 	f,chel 	layout	0	data/lexicon/l2_surface_hot_ru.txt	phase_surface_adjacent_transposition_22
generated:0100:phase_surface_adjacent_transposition_22		абсруд 	абсруд	glue	0	data/lexicon/l2_surface_hot_ru.txt	phase_surface_adjacent_transposition_22
generated:0101:phase_surface_adjacent_transposition_23		абсцсес 	абсцесс 	adjacent_transposition	1	data/lexicon/l2_surface_hot_ru.txt	phase_surface_adjacent_transposition_23
generated:0101:phase_surface_adjacent_transposition_23		абсцсес 	абсцсес 	keep	0	data/lexicon/l2_surface_hot_ru.txt	phase_surface_adjacent_transposition_23
generated:0101:phase_surface_adjacent_transposition_23		абсцсес 	f,cwctc 	layout	0	data/lexicon/l2_surface_hot_ru.txt	phase_surface_adjacent_transposition_23
generated:0101:phase_surface_adjacent_transposition_23		абсцсес 	абсцсес	glue	0	data/lexicon/l2_surface_hot_ru.txt	phase_surface_adjacent_transposition_23
generated:0102:phase_surface_missing_letter_repair_00		аажур 	абажур 	missing_letter_repair	1	data/lexicon/l2_surface_hot_ru.txt	phase_surface_missing_letter_repair_00
generated:0102:phase_surface_missing_letter_repair_00		аажур 	аажур 	keep	0	data/lexicon/l2_surface_hot_ru.txt	phase_surface_missing_letter_repair_00
generated:0102:phase_surface_missing_letter_repair_00		аажур 	ff;eh 	layout	0	data/lexicon/l2_surface_hot_ru.txt	phase_surface_missing_letter_repair_00
generated:0102:phase_surface_missing_letter_repair_00		аажур 	аажур	glue	0	data/lexicon/l2_surface_hot_ru.txt	phase_surface_missing_letter_repair_00
generated:0103:phase_surface_missing_letter_repair_01		абзин 	абазин 	missing_letter_repair	1	data/lexicon/l2_surface_hot_ru.txt	phase_surface_missing_letter_repair_01
generated:0103:phase_surface_missing_letter_repair_01		абзин 	абзин 	keep	0	data/lexicon/l2_surface_hot_ru.txt	phase_surface_missing_letter_repair_01
generated:0103:phase_surface_missing_letter_repair_01		абзин 	f,pby 	layout	0	data/lexicon/l2_surface_hot_ru.txt	phase_surface_missing_letter_repair_01
generated:0103:phase_surface_missing_letter_repair_01		абзин 	абзин	glue	0	data/lexicon/l2_surface_hot_ru.txt	phase_surface_missing_letter_repair_01
generated:0104:phase_surface_missing_letter_repair_02		абаия 	абазия 	missing_letter_repair	1	data/lexicon/l2_surface_hot_ru.txt	phase_surface_missing_letter_repair_02
generated:0104:phase_surface_missing_letter_repair_02		абаия 	абаия 	keep	0	data/lexicon/l2_surface_hot_ru.txt	phase_surface_missing_letter_repair_02
generated:0104:phase_surface_missing_letter_repair_02		абаия 	f,fbz 	layout	0	data/lexicon/l2_surface_hot_ru.txt	phase_surface_missing_letter_repair_02
generated:0104:phase_surface_missing_letter_repair_02		абаия 	абаия	glue	0	data/lexicon/l2_surface_hot_ru.txt	phase_surface_missing_letter_repair_02
generated:0105:phase_surface_missing_letter_repair_03		абакн 	абакан 	missing_letter_repair	1	data/lexicon/l2_surface_hot_ru.txt	phase_surface_missing_letter_repair_03
generated:0105:phase_surface_missing_letter_repair_03		абакн 	абакн 	keep	0	data/lexicon/l2_surface_hot_ru.txt	phase_surface_missing_letter_repair_03
generated:0105:phase_surface_missing_letter_repair_03		абакн 	f,fry 	layout	0	data/lexicon/l2_surface_hot_ru.txt	phase_surface_missing_letter_repair_03
generated:0105:phase_surface_missing_letter_repair_03		абакн 	абакн	glue	0	data/lexicon/l2_surface_hot_ru.txt	phase_surface_missing_letter_repair_03
generated:0106:phase_surface_missing_letter_repair_04		абдомн 	абдомен 	missing_letter_repair	1	data/lexicon/l2_surface_hot_ru.txt	phase_surface_missing_letter_repair_04
generated:0106:phase_surface_missing_letter_repair_04		абдомн 	абдомн 	keep	0	data/lexicon/l2_surface_hot_ru.txt	phase_surface_missing_letter_repair_04
generated:0106:phase_surface_missing_letter_repair_04		абдомн 	f,ljvy 	layout	0	data/lexicon/l2_surface_hot_ru.txt	phase_surface_missing_letter_repair_04
generated:0106:phase_surface_missing_letter_repair_04		абдомн 	абдомн	glue	0	data/lexicon/l2_surface_hot_ru.txt	phase_surface_missing_letter_repair_04
generated:0107:phase_surface_missing_letter_repair_05		аблев 	абелев 	missing_letter_repair	1	data/lexicon/l2_surface_hot_ru.txt	phase_surface_missing_letter_repair_05
generated:0107:phase_surface_missing_letter_repair_05		аблев 	аблев 	keep	0	data/lexicon/l2_surface_hot_ru.txt	phase_surface_missing_letter_repair_05
generated:0107:phase_surface_missing_letter_repair_05		аблев 	f,ktd 	layout	0	data/lexicon/l2_surface_hot_ru.txt	phase_surface_missing_letter_repair_05
generated:0107:phase_surface_missing_letter_repair_05		аблев 	аблев	glue	0	data/lexicon/l2_surface_hot_ru.txt	phase_surface_missing_letter_repair_05
generated:0108:phase_surface_missing_letter_repair_06		абрдин 	абердин 	missing_letter_repair	1	data/lexicon/l2_surface_hot_ru.txt	phase_surface_missing_letter_repair_06
generated:0108:phase_surface_missing_letter_repair_06		абрдин 	абрдин 	keep	0	data/lexicon/l2_surface_hot_ru.txt	phase_surface_missing_letter_repair_06
generated:0108:phase_surface_missing_letter_repair_06		абрдин 	f,hlby 	layout	0	data/lexicon/l2_surface_hot_ru.txt	phase_surface_missing_letter_repair_06
generated:0108:phase_surface_missing_letter_repair_06		абрдин 	абрдин	glue	0	data/lexicon/l2_surface_hot_ru.txt	phase_surface_missing_letter_repair_06
generated:0109:phase_surface_missing_letter_repair_07		абзцев 	абзацев 	missing_letter_repair	1	data/lexicon/l2_surface_hot_ru.txt	phase_surface_missing_letter_repair_07
generated:0109:phase_surface_missing_letter_repair_07		абзцев 	абзцев 	keep	0	data/lexicon/l2_surface_hot_ru.txt	phase_surface_missing_letter_repair_07
generated:0109:phase_surface_missing_letter_repair_07		абзцев 	f,pwtd 	layout	0	data/lexicon/l2_surface_hot_ru.txt	phase_surface_missing_letter_repair_07
generated:0109:phase_surface_missing_letter_repair_07		абзцев 	абзцев	glue	0	data/lexicon/l2_surface_hot_ru.txt	phase_surface_missing_letter_repair_07
generated:0110:phase_surface_missing_letter_repair_08		абзаем 	абзацем 	missing_letter_repair	1	data/lexicon/l2_surface_hot_ru.txt	phase_surface_missing_letter_repair_08
generated:0110:phase_surface_missing_letter_repair_08		абзаем 	абзаем 	keep	0	data/lexicon/l2_surface_hot_ru.txt	phase_surface_missing_letter_repair_08
generated:0110:phase_surface_missing_letter_repair_08		абзаем 	f,pftv 	layout	0	data/lexicon/l2_surface_hot_ru.txt	phase_surface_missing_letter_repair_08
generated:0110:phase_surface_missing_letter_repair_08		абзаем 	абзаем	glue	0	data/lexicon/l2_surface_hot_ru.txt	phase_surface_missing_letter_repair_08
generated:0111:phase_surface_missing_letter_repair_09		абиджн 	абиджан 	missing_letter_repair	1	data/lexicon/l2_surface_hot_ru.txt	phase_surface_missing_letter_repair_09
generated:0111:phase_surface_missing_letter_repair_09		абиджн 	абиджн 	keep	0	data/lexicon/l2_surface_hot_ru.txt	phase_surface_missing_letter_repair_09
generated:0111:phase_surface_missing_letter_repair_09		абиджн 	f,bl;y 	layout	0	data/lexicon/l2_surface_hot_ru.txt	phase_surface_missing_letter_repair_09
generated:0111:phase_surface_missing_letter_repair_09		абиджн 	абиджн	glue	0	data/lexicon/l2_surface_hot_ru.txt	phase_surface_missing_letter_repair_09
generated:0112:phase_surface_missing_letter_repair_10		аиетин 	абиетин 	missing_letter_repair	1	data/lexicon/l2_surface_hot_ru.txt	phase_surface_missing_letter_repair_10
generated:0112:phase_surface_missing_letter_repair_10		аиетин 	аиетин 	keep	0	data/lexicon/l2_surface_hot_ru.txt	phase_surface_missing_letter_repair_10
generated:0112:phase_surface_missing_letter_repair_10		аиетин 	fbtnby 	layout	0	data/lexicon/l2_surface_hot_ru.txt	phase_surface_missing_letter_repair_10
generated:0112:phase_surface_missing_letter_repair_10		аиетин 	аиетин	glue	0	data/lexicon/l2_surface_hot_ru.txt	phase_surface_missing_letter_repair_10
generated:0113:phase_surface_missing_letter_repair_11		абинк 	абинск 	missing_letter_repair	1	data/lexicon/l2_surface_hot_ru.txt	phase_surface_missing_letter_repair_11
generated:0113:phase_surface_missing_letter_repair_11		абинк 	абинк 	keep	0	data/lexicon/l2_surface_hot_ru.txt	phase_surface_missing_letter_repair_11
generated:0113:phase_surface_missing_letter_repair_11		абинк 	f,byr 	layout	0	data/lexicon/l2_surface_hot_ru.txt	phase_surface_missing_letter_repair_11
generated:0113:phase_surface_missing_letter_repair_11		абинк 	абинк	glue	0	data/lexicon/l2_surface_hot_ru.txt	phase_surface_missing_letter_repair_11
generated:0114:phase_surface_missing_letter_repair_12		аблтив 	аблятив 	missing_letter_repair	1	data/lexicon/l2_surface_hot_ru.txt	phase_surface_missing_letter_repair_12
generated:0114:phase_surface_missing_letter_repair_12		аблтив 	аблтив 	keep	0	data/lexicon/l2_surface_hot_ru.txt	phase_surface_missing_letter_repair_12
generated:0114:phase_surface_missing_letter_repair_12		аблтив 	f,knbd 	layout	0	data/lexicon/l2_surface_hot_ru.txt	phase_surface_missing_letter_repair_12
generated:0114:phase_surface_missing_letter_repair_12		аблтив 	аблтив	glue	0	data/lexicon/l2_surface_hot_ru.txt	phase_surface_missing_letter_repair_12
generated:0115:phase_surface_missing_letter_repair_13		абляия 	абляция 	missing_letter_repair	1	data/lexicon/l2_surface_hot_ru.txt	phase_surface_missing_letter_repair_13
generated:0115:phase_surface_missing_letter_repair_13		абляия 	абляия 	keep	0	data/lexicon/l2_surface_hot_ru.txt	phase_surface_missing_letter_repair_13
generated:0115:phase_surface_missing_letter_repair_13		абляия 	f,kzbz 	layout	0	data/lexicon/l2_surface_hot_ru.txt	phase_surface_missing_letter_repair_13
generated:0115:phase_surface_missing_letter_repair_13		абляия 	абляия	glue	0	data/lexicon/l2_surface_hot_ru.txt	phase_surface_missing_letter_repair_13
generated:0116:phase_surface_missing_letter_repair_14		абонет 	абонент 	missing_letter_repair	1	data/lexicon/l2_surface_hot_ru.txt	phase_surface_missing_letter_repair_14
generated:0116:phase_surface_missing_letter_repair_14		абонет 	абонет 	keep	0	data/lexicon/l2_surface_hot_ru.txt	phase_surface_missing_letter_repair_14
generated:0116:phase_surface_missing_letter_repair_14		абонет 	f,jytn 	layout	0	data/lexicon/l2_surface_hot_ru.txt	phase_surface_missing_letter_repair_14
generated:0116:phase_surface_missing_letter_repair_14		абонет 	абонет	glue	0	data/lexicon/l2_surface_hot_ru.txt	phase_surface_missing_letter_repair_14
generated:0117:phase_surface_missing_letter_repair_15		аордаж 	абордаж 	missing_letter_repair	1	data/lexicon/l2_surface_hot_ru.txt	phase_surface_missing_letter_repair_15
generated:0117:phase_surface_missing_letter_repair_15		аордаж 	аордаж 	keep	0	data/lexicon/l2_surface_hot_ru.txt	phase_surface_missing_letter_repair_15
generated:0117:phase_surface_missing_letter_repair_15		аордаж 	fjhlf; 	layout	0	data/lexicon/l2_surface_hot_ru.txt	phase_surface_missing_letter_repair_15
generated:0117:phase_surface_missing_letter_repair_15		аордаж 	аордаж	glue	0	data/lexicon/l2_surface_hot_ru.txt	phase_surface_missing_letter_repair_15
generated:0118:phase_surface_missing_letter_repair_16		абазив 	абразив 	missing_letter_repair	1	data/lexicon/l2_surface_hot_ru.txt	phase_surface_missing_letter_repair_16
generated:0118:phase_surface_missing_letter_repair_16		абазив 	абазив 	keep	0	data/lexicon/l2_surface_hot_ru.txt	phase_surface_missing_letter_repair_16
generated:0118:phase_surface_missing_letter_repair_16		абазив 	f,fpbd 	layout	0	data/lexicon/l2_surface_hot_ru.txt	phase_surface_missing_letter_repair_16
generated:0118:phase_surface_missing_letter_repair_16		абазив 	абазив	glue	0	data/lexicon/l2_surface_hot_ru.txt	phase_surface_missing_letter_repair_16
generated:0119:phase_surface_missing_letter_repair_17		абрзия 	абразия 	missing_letter_repair	1	data/lexicon/l2_surface_hot_ru.txt	phase_surface_missing_letter_repair_17
generated:0119:phase_surface_missing_letter_repair_17		абрзия 	абрзия 	keep	0	data/lexicon/l2_surface_hot_ru.txt	phase_surface_missing_letter_repair_17
generated:0119:phase_surface_missing_letter_repair_17		абрзия 	f,hpbz 	layout	0	data/lexicon/l2_surface_hot_ru.txt	phase_surface_missing_letter_repair_17
generated:0119:phase_surface_missing_letter_repair_17		абрзия 	абрзия	glue	0	data/lexicon/l2_surface_hot_ru.txt	phase_surface_missing_letter_repair_17
generated:0120:phase_surface_missing_letter_repair_18		абрже 	абреже 	missing_letter_repair	1	data/lexicon/l2_surface_hot_ru.txt	phase_surface_missing_letter_repair_18
generated:0120:phase_surface_missing_letter_repair_18		абрже 	абрже 	keep	0	data/lexicon/l2_surface_hot_ru.txt	phase_surface_missing_letter_repair_18
generated:0120:phase_surface_missing_letter_repair_18		абрже 	f,h;t 	layout	0	data/lexicon/l2_surface_hot_ru.txt	phase_surface_missing_letter_repair_18
generated:0120:phase_surface_missing_letter_repair_18		абрже 	абрже	glue	0	data/lexicon/l2_surface_hot_ru.txt	phase_surface_missing_letter_repair_18
generated:0121:phase_surface_missing_letter_repair_19		абрикс 	абрикос 	missing_letter_repair	1	data/lexicon/l2_surface_hot_ru.txt	phase_surface_missing_letter_repair_19
generated:0121:phase_surface_missing_letter_repair_19		абрикс 	абрикс 	keep	0	data/lexicon/l2_surface_hot_ru.txt	phase_surface_missing_letter_repair_19
generated:0121:phase_surface_missing_letter_repair_19		абрикс 	f,hbrc 	layout	0	data/lexicon/l2_surface_hot_ru.txt	phase_surface_missing_letter_repair_19
generated:0121:phase_surface_missing_letter_repair_19		абрикс 	абрикс	glue	0	data/lexicon/l2_surface_hot_ru.txt	phase_surface_missing_letter_repair_19
generated:0122:phase_surface_missing_letter_repair_20		асент 	абсент 	missing_letter_repair	1	data/lexicon/l2_surface_hot_ru.txt	phase_surface_missing_letter_repair_20
generated:0122:phase_surface_missing_letter_repair_20		асент 	асент 	keep	0	data/lexicon/l2_surface_hot_ru.txt	phase_surface_missing_letter_repair_20
generated:0122:phase_surface_missing_letter_repair_20		асент 	fctyn 	layout	0	data/lexicon/l2_surface_hot_ru.txt	phase_surface_missing_letter_repair_20
generated:0122:phase_surface_missing_letter_repair_20		асент 	асент	glue	0	data/lexicon/l2_surface_hot_ru.txt	phase_surface_missing_letter_repair_20
generated:0123:phase_surface_missing_letter_repair_21		аболют 	абсолют 	missing_letter_repair	1	data/lexicon/l2_surface_hot_ru.txt	phase_surface_missing_letter_repair_21
generated:0123:phase_surface_missing_letter_repair_21		аболют 	аболют 	keep	0	data/lexicon/l2_surface_hot_ru.txt	phase_surface_missing_letter_repair_21
generated:0123:phase_surface_missing_letter_repair_21		аболют 	f,jk.n 	layout	0	data/lexicon/l2_surface_hot_ru.txt	phase_surface_missing_letter_repair_21
generated:0123:phase_surface_missing_letter_repair_21		аболют 	аболют	glue	0	data/lexicon/l2_surface_hot_ru.txt	phase_surface_missing_letter_repair_21
generated:0124:phase_surface_missing_letter_repair_22		абсрд 	абсурд 	missing_letter_repair	1	data/lexicon/l2_surface_hot_ru.txt	phase_surface_missing_letter_repair_22
generated:0124:phase_surface_missing_letter_repair_22		абсрд 	абсрд 	keep	0	data/lexicon/l2_surface_hot_ru.txt	phase_surface_missing_letter_repair_22
generated:0124:phase_surface_missing_letter_repair_22		абсрд 	f,chl 	layout	0	data/lexicon/l2_surface_hot_ru.txt	phase_surface_missing_letter_repair_22
generated:0124:phase_surface_missing_letter_repair_22		абсрд 	абсрд	glue	0	data/lexicon/l2_surface_hot_ru.txt	phase_surface_missing_letter_repair_22
generated:0125:phase_surface_missing_letter_repair_23		абсцсс 	абсцесс 	missing_letter_repair	1	data/lexicon/l2_surface_hot_ru.txt	phase_surface_missing_letter_repair_23
generated:0125:phase_surface_missing_letter_repair_23		абсцсс 	абсцсс 	keep	0	data/lexicon/l2_surface_hot_ru.txt	phase_surface_missing_letter_repair_23
generated:0125:phase_surface_missing_letter_repair_23		абсцсс 	f,cwcc 	layout	0	data/lexicon/l2_surface_hot_ru.txt	phase_surface_missing_letter_repair_23
generated:0125:phase_surface_missing_letter_repair_23		абсцсс 	абсцсс	glue	0	data/lexicon/l2_surface_hot_ru.txt	phase_surface_missing_letter_repair_23
generated:0126:phase_surface_repeated_letter_repair_00		аббажур 	абажур 	repeated_letter_repair	1	data/lexicon/l2_surface_hot_ru.txt	phase_surface_repeated_letter_repair_00
generated:0126:phase_surface_repeated_letter_repair_00		аббажур 	аббажур 	keep	0	data/lexicon/l2_surface_hot_ru.txt	phase_surface_repeated_letter_repair_00
generated:0126:phase_surface_repeated_letter_repair_00		аббажур 	f,,f;eh 	layout	0	data/lexicon/l2_surface_hot_ru.txt	phase_surface_repeated_letter_repair_00
generated:0126:phase_surface_repeated_letter_repair_00		аббажур 	аббажур	glue	0	data/lexicon/l2_surface_hot_ru.txt	phase_surface_repeated_letter_repair_00
generated:0127:phase_surface_repeated_letter_repair_01		абаазин 	абазин 	repeated_letter_repair	1	data/lexicon/l2_surface_hot_ru.txt	phase_surface_repeated_letter_repair_01
generated:0127:phase_surface_repeated_letter_repair_01		абаазин 	абаазин 	keep	0	data/lexicon/l2_surface_hot_ru.txt	phase_surface_repeated_letter_repair_01
generated:0127:phase_surface_repeated_letter_repair_01		абаазин 	f,ffpby 	layout	0	data/lexicon/l2_surface_hot_ru.txt	phase_surface_repeated_letter_repair_01
generated:0127:phase_surface_repeated_letter_repair_01		абаазин 	абаазин	glue	0	data/lexicon/l2_surface_hot_ru.txt	phase_surface_repeated_letter_repair_01
generated:0128:phase_surface_repeated_letter_repair_02		абаззия 	абазия 	repeated_letter_repair	1	data/lexicon/l2_surface_hot_ru.txt	phase_surface_repeated_letter_repair_02
generated:0128:phase_surface_repeated_letter_repair_02		абаззия 	абаззия 	keep	0	data/lexicon/l2_surface_hot_ru.txt	phase_surface_repeated_letter_repair_02
generated:0128:phase_surface_repeated_letter_repair_02		абаззия 	f,fppbz 	layout	0	data/lexicon/l2_surface_hot_ru.txt	phase_surface_repeated_letter_repair_02
generated:0128:phase_surface_repeated_letter_repair_02		абаззия 	абаззия	glue	0	data/lexicon/l2_surface_hot_ru.txt	phase_surface_repeated_letter_repair_02
generated:0129:phase_surface_repeated_letter_repair_03		абакаан 	абакан 	repeated_letter_repair	1	data/lexicon/l2_surface_hot_ru.txt	phase_surface_repeated_letter_repair_03
generated:0129:phase_surface_repeated_letter_repair_03		абакаан 	абакаан 	keep	0	data/lexicon/l2_surface_hot_ru.txt	phase_surface_repeated_letter_repair_03
generated:0129:phase_surface_repeated_letter_repair_03		абакаан 	f,frffy 	layout	0	data/lexicon/l2_surface_hot_ru.txt	phase_surface_repeated_letter_repair_03
generated:0129:phase_surface_repeated_letter_repair_03		абакаан 	абакаан	glue	0	data/lexicon/l2_surface_hot_ru.txt	phase_surface_repeated_letter_repair_03
generated:0130:phase_surface_repeated_letter_repair_04		абдомеен 	абдомен 	repeated_letter_repair	1	data/lexicon/l2_surface_hot_ru.txt	phase_surface_repeated_letter_repair_04
generated:0130:phase_surface_repeated_letter_repair_04		абдомеен 	абдомеен 	keep	0	data/lexicon/l2_surface_hot_ru.txt	phase_surface_repeated_letter_repair_04
generated:0130:phase_surface_repeated_letter_repair_04		абдомеен 	f,ljvtty 	layout	0	data/lexicon/l2_surface_hot_ru.txt	phase_surface_repeated_letter_repair_04
generated:0130:phase_surface_repeated_letter_repair_04		абдомеен 	абдомеен	glue	0	data/lexicon/l2_surface_hot_ru.txt	phase_surface_repeated_letter_repair_04
generated:0131:phase_surface_repeated_letter_repair_05		абеелев 	абелев 	repeated_letter_repair	1	data/lexicon/l2_surface_hot_ru.txt	phase_surface_repeated_letter_repair_05
generated:0131:phase_surface_repeated_letter_repair_05		абеелев 	абеелев 	keep	0	data/lexicon/l2_surface_hot_ru.txt	phase_surface_repeated_letter_repair_05
generated:0131:phase_surface_repeated_letter_repair_05		абеелев 	f,ttktd 	layout	0	data/lexicon/l2_surface_hot_ru.txt	phase_surface_repeated_letter_repair_05
generated:0131:phase_surface_repeated_letter_repair_05		абеелев 	абеелев	glue	0	data/lexicon/l2_surface_hot_ru.txt	phase_surface_repeated_letter_repair_05
generated:0132:phase_surface_repeated_letter_repair_06		абеердин 	абердин 	repeated_letter_repair	1	data/lexicon/l2_surface_hot_ru.txt	phase_surface_repeated_letter_repair_06
generated:0132:phase_surface_repeated_letter_repair_06		абеердин 	абеердин 	keep	0	data/lexicon/l2_surface_hot_ru.txt	phase_surface_repeated_letter_repair_06
generated:0132:phase_surface_repeated_letter_repair_06		абеердин 	f,tthlby 	layout	0	data/lexicon/l2_surface_hot_ru.txt	phase_surface_repeated_letter_repair_06
generated:0132:phase_surface_repeated_letter_repair_06		абеердин 	абеердин	glue	0	data/lexicon/l2_surface_hot_ru.txt	phase_surface_repeated_letter_repair_06
generated:0133:phase_surface_repeated_letter_repair_07		абзаацев 	абзацев 	repeated_letter_repair	1	data/lexicon/l2_surface_hot_ru.txt	phase_surface_repeated_letter_repair_07
generated:0133:phase_surface_repeated_letter_repair_07		абзаацев 	абзаацев 	keep	0	data/lexicon/l2_surface_hot_ru.txt	phase_surface_repeated_letter_repair_07
generated:0133:phase_surface_repeated_letter_repair_07		абзаацев 	f,pffwtd 	layout	0	data/lexicon/l2_surface_hot_ru.txt	phase_surface_repeated_letter_repair_07
generated:0133:phase_surface_repeated_letter_repair_07		абзаацев 	абзаацев	glue	0	data/lexicon/l2_surface_hot_ru.txt	phase_surface_repeated_letter_repair_07
generated:0134:phase_surface_repeated_letter_repair_08		абзаццем 	абзацем 	repeated_letter_repair	1	data/lexicon/l2_surface_hot_ru.txt	phase_surface_repeated_letter_repair_08
generated:0134:phase_surface_repeated_letter_repair_08		абзаццем 	абзаццем 	keep	0	data/lexicon/l2_surface_hot_ru.txt	phase_surface_repeated_letter_repair_08
generated:0134:phase_surface_repeated_letter_repair_08		абзаццем 	f,pfwwtv 	layout	0	data/lexicon/l2_surface_hot_ru.txt	phase_surface_repeated_letter_repair_08
generated:0134:phase_surface_repeated_letter_repair_08		абзаццем 	абзаццем	glue	0	data/lexicon/l2_surface_hot_ru.txt	phase_surface_repeated_letter_repair_08
generated:0135:phase_surface_repeated_letter_repair_09		абиджаан 	абиджан 	repeated_letter_repair	1	data/lexicon/l2_surface_hot_ru.txt	phase_surface_repeated_letter_repair_09
generated:0135:phase_surface_repeated_letter_repair_09		абиджаан 	абиджаан 	keep	0	data/lexicon/l2_surface_hot_ru.txt	phase_surface_repeated_letter_repair_09
generated:0135:phase_surface_repeated_letter_repair_09		абиджаан 	f,bl;ffy 	layout	0	data/lexicon/l2_surface_hot_ru.txt	phase_surface_repeated_letter_repair_09
generated:0135:phase_surface_repeated_letter_repair_09		абиджаан 	абиджаан	glue	0	data/lexicon/l2_surface_hot_ru.txt	phase_surface_repeated_letter_repair_09
generated:0136:phase_surface_repeated_letter_repair_10		аббиетин 	абиетин 	repeated_letter_repair	1	data/lexicon/l2_surface_hot_ru.txt	phase_surface_repeated_letter_repair_10
generated:0136:phase_surface_repeated_letter_repair_10		аббиетин 	аббиетин 	keep	0	data/lexicon/l2_surface_hot_ru.txt	phase_surface_repeated_letter_repair_10
generated:0136:phase_surface_repeated_letter_repair_10		аббиетин 	f,,btnby 	layout	0	data/lexicon/l2_surface_hot_ru.txt	phase_surface_repeated_letter_repair_10
generated:0136:phase_surface_repeated_letter_repair_10		аббиетин 	аббиетин	glue	0	data/lexicon/l2_surface_hot_ru.txt	phase_surface_repeated_letter_repair_10
generated:0137:phase_surface_repeated_letter_repair_11		абинсск 	абинск 	repeated_letter_repair	1	data/lexicon/l2_surface_hot_ru.txt	phase_surface_repeated_letter_repair_11
generated:0137:phase_surface_repeated_letter_repair_11		абинсск 	абинсск 	keep	0	data/lexicon/l2_surface_hot_ru.txt	phase_surface_repeated_letter_repair_11
generated:0137:phase_surface_repeated_letter_repair_11		абинсск 	f,byccr 	layout	0	data/lexicon/l2_surface_hot_ru.txt	phase_surface_repeated_letter_repair_11
generated:0137:phase_surface_repeated_letter_repair_11		абинсск 	абинсск	glue	0	data/lexicon/l2_surface_hot_ru.txt	phase_surface_repeated_letter_repair_11
generated:0138:phase_surface_repeated_letter_repair_12		абляятив 	аблятив 	repeated_letter_repair	1	data/lexicon/l2_surface_hot_ru.txt	phase_surface_repeated_letter_repair_12
generated:0138:phase_surface_repeated_letter_repair_12		абляятив 	абляятив 	keep	0	data/lexicon/l2_surface_hot_ru.txt	phase_surface_repeated_letter_repair_12
generated:0138:phase_surface_repeated_letter_repair_12		абляятив 	f,kzznbd 	layout	0	data/lexicon/l2_surface_hot_ru.txt	phase_surface_repeated_letter_repair_12
generated:0138:phase_surface_repeated_letter_repair_12		абляятив 	абляятив	glue	0	data/lexicon/l2_surface_hot_ru.txt	phase_surface_repeated_letter_repair_12
generated:0139:phase_surface_repeated_letter_repair_13		абляцция 	абляция 	repeated_letter_repair	1	data/lexicon/l2_surface_hot_ru.txt	phase_surface_repeated_letter_repair_13
generated:0139:phase_surface_repeated_letter_repair_13		абляцция 	абляцция 	keep	0	data/lexicon/l2_surface_hot_ru.txt	phase_surface_repeated_letter_repair_13
generated:0139:phase_surface_repeated_letter_repair_13		абляцция 	f,kzwwbz 	layout	0	data/lexicon/l2_surface_hot_ru.txt	phase_surface_repeated_letter_repair_13
generated:0139:phase_surface_repeated_letter_repair_13		абляцция 	абляцция	glue	0	data/lexicon/l2_surface_hot_ru.txt	phase_surface_repeated_letter_repair_13
generated:0140:phase_surface_repeated_letter_repair_14		абоненнт 	абонент 	repeated_letter_repair	1	data/lexicon/l2_surface_hot_ru.txt	phase_surface_repeated_letter_repair_14
generated:0140:phase_surface_repeated_letter_repair_14		абоненнт 	абоненнт 	keep	0	data/lexicon/l2_surface_hot_ru.txt	phase_surface_repeated_letter_repair_14
generated:0140:phase_surface_repeated_letter_repair_14		абоненнт 	f,jytyyn 	layout	0	data/lexicon/l2_surface_hot_ru.txt	phase_surface_repeated_letter_repair_14
generated:0140:phase_surface_repeated_letter_repair_14		абоненнт 	абоненнт	glue	0	data/lexicon/l2_surface_hot_ru.txt	phase_surface_repeated_letter_repair_14
generated:0141:phase_surface_repeated_letter_repair_15		аббордаж 	абордаж 	repeated_letter_repair	1	data/lexicon/l2_surface_hot_ru.txt	phase_surface_repeated_letter_repair_15
generated:0141:phase_surface_repeated_letter_repair_15		аббордаж 	аббордаж 	keep	0	data/lexicon/l2_surface_hot_ru.txt	phase_surface_repeated_letter_repair_15
generated:0141:phase_surface_repeated_letter_repair_15		аббордаж 	f,,jhlf; 	layout	0	data/lexicon/l2_surface_hot_ru.txt	phase_surface_repeated_letter_repair_15
generated:0141:phase_surface_repeated_letter_repair_15		аббордаж 	аббордаж	glue	0	data/lexicon/l2_surface_hot_ru.txt	phase_surface_repeated_letter_repair_15
generated:0142:phase_surface_repeated_letter_repair_16		абрразив 	абразив 	repeated_letter_repair	1	data/lexicon/l2_surface_hot_ru.txt	phase_surface_repeated_letter_repair_16
generated:0142:phase_surface_repeated_letter_repair_16		абрразив 	абрразив 	keep	0	data/lexicon/l2_surface_hot_ru.txt	phase_surface_repeated_letter_repair_16
generated:0142:phase_surface_repeated_letter_repair_16		абрразив 	f,hhfpbd 	layout	0	data/lexicon/l2_surface_hot_ru.txt	phase_surface_repeated_letter_repair_16
generated:0142:phase_surface_repeated_letter_repair_16		абрразив 	абрразив	glue	0	data/lexicon/l2_surface_hot_ru.txt	phase_surface_repeated_letter_repair_16
generated:0143:phase_surface_repeated_letter_repair_17		абраазия 	абразия 	repeated_letter_repair	1	data/lexicon/l2_surface_hot_ru.txt	phase_surface_repeated_letter_repair_17
generated:0143:phase_surface_repeated_letter_repair_17		абраазия 	абраазия 	keep	0	data/lexicon/l2_surface_hot_ru.txt	phase_surface_repeated_letter_repair_17
generated:0143:phase_surface_repeated_letter_repair_17		абраазия 	f,hffpbz 	layout	0	data/lexicon/l2_surface_hot_ru.txt	phase_surface_repeated_letter_repair_17
generated:0143:phase_surface_repeated_letter_repair_17		абраазия 	абраазия	glue	0	data/lexicon/l2_surface_hot_ru.txt	phase_surface_repeated_letter_repair_17
generated:0144:phase_surface_repeated_letter_repair_18		абрееже 	абреже 	repeated_letter_repair	1	data/lexicon/l2_surface_hot_ru.txt	phase_surface_repeated_letter_repair_18
generated:0144:phase_surface_repeated_letter_repair_18		абрееже 	абрееже 	keep	0	data/lexicon/l2_surface_hot_ru.txt	phase_surface_repeated_letter_repair_18
generated:0144:phase_surface_repeated_letter_repair_18		абрееже 	f,htt;t 	layout	0	data/lexicon/l2_surface_hot_ru.txt	phase_surface_repeated_letter_repair_18
generated:0144:phase_surface_repeated_letter_repair_18		абрееже 	абрееже	glue	0	data/lexicon/l2_surface_hot_ru.txt	phase_surface_repeated_letter_repair_18
generated:0145:phase_surface_repeated_letter_repair_19		абрикоос 	абрикос 	repeated_letter_repair	1	data/lexicon/l2_surface_hot_ru.txt	phase_surface_repeated_letter_repair_19
generated:0145:phase_surface_repeated_letter_repair_19		абрикоос 	абрикоос 	keep	0	data/lexicon/l2_surface_hot_ru.txt	phase_surface_repeated_letter_repair_19
generated:0145:phase_surface_repeated_letter_repair_19		абрикоос 	f,hbrjjc 	layout	0	data/lexicon/l2_surface_hot_ru.txt	phase_surface_repeated_letter_repair_19
generated:0145:phase_surface_repeated_letter_repair_19		абрикоос 	абрикоос	glue	0	data/lexicon/l2_surface_hot_ru.txt	phase_surface_repeated_letter_repair_19
generated:0146:phase_surface_repeated_letter_repair_20		аббсент 	абсент 	repeated_letter_repair	1	data/lexicon/l2_surface_hot_ru.txt	phase_surface_repeated_letter_repair_20
generated:0146:phase_surface_repeated_letter_repair_20		аббсент 	аббсент 	keep	0	data/lexicon/l2_surface_hot_ru.txt	phase_surface_repeated_letter_repair_20
generated:0146:phase_surface_repeated_letter_repair_20		аббсент 	f,,ctyn 	layout	0	data/lexicon/l2_surface_hot_ru.txt	phase_surface_repeated_letter_repair_20
generated:0146:phase_surface_repeated_letter_repair_20		аббсент 	аббсент	glue	0	data/lexicon/l2_surface_hot_ru.txt	phase_surface_repeated_letter_repair_20
generated:0147:phase_surface_repeated_letter_repair_21		абссолют 	абсолют 	repeated_letter_repair	1	data/lexicon/l2_surface_hot_ru.txt	phase_surface_repeated_letter_repair_21
generated:0147:phase_surface_repeated_letter_repair_21		абссолют 	абссолют 	keep	0	data/lexicon/l2_surface_hot_ru.txt	phase_surface_repeated_letter_repair_21
generated:0147:phase_surface_repeated_letter_repair_21		абссолют 	f,ccjk.n 	layout	0	data/lexicon/l2_surface_hot_ru.txt	phase_surface_repeated_letter_repair_21
generated:0147:phase_surface_repeated_letter_repair_21		абссолют 	абссолют	glue	0	data/lexicon/l2_surface_hot_ru.txt	phase_surface_repeated_letter_repair_21
generated:0148:phase_surface_repeated_letter_repair_22		абсуурд 	абсурд 	repeated_letter_repair	1	data/lexicon/l2_surface_hot_ru.txt	phase_surface_repeated_letter_repair_22
generated:0148:phase_surface_repeated_letter_repair_22		абсуурд 	абсуурд 	keep	0	data/lexicon/l2_surface_hot_ru.txt	phase_surface_repeated_letter_repair_22
generated:0148:phase_surface_repeated_letter_repair_22		абсуурд 	f,ceehl 	layout	0	data/lexicon/l2_surface_hot_ru.txt	phase_surface_repeated_letter_repair_22
generated:0148:phase_surface_repeated_letter_repair_22		абсуурд 	абсуурд	glue	0	data/lexicon/l2_surface_hot_ru.txt	phase_surface_repeated_letter_repair_22
generated:0149:phase_surface_repeated_letter_repair_23		абсцеесс 	абсцесс 	repeated_letter_repair	1	data/lexicon/l2_surface_hot_ru.txt	phase_surface_repeated_letter_repair_23
generated:0149:phase_surface_repeated_letter_repair_23		абсцеесс 	абсцеесс 	keep	0	data/lexicon/l2_surface_hot_ru.txt	phase_surface_repeated_letter_repair_23
generated:0149:phase_surface_repeated_letter_repair_23		абсцеесс 	f,cwttcc 	layout	0	data/lexicon/l2_surface_hot_ru.txt	phase_surface_repeated_letter_repair_23
generated:0149:phase_surface_repeated_letter_repair_23		абсцеесс 	абсцеесс	glue	0	data/lexicon/l2_surface_hot_ru.txt	phase_surface_repeated_letter_repair_23
generated:0150:phase_surface_extra_letter_repair_00		аабажур 	абажур 	extra_letter_repair	1	data/lexicon/l2_surface_hot_ru.txt	phase_surface_extra_letter_repair_00
generated:0150:phase_surface_extra_letter_repair_00		аабажур 	аабажур 	keep	0	data/lexicon/l2_surface_hot_ru.txt	phase_surface_extra_letter_repair_00
generated:0150:phase_surface_extra_letter_repair_00		аабажур 	ff,f;eh 	layout	0	data/lexicon/l2_surface_hot_ru.txt	phase_surface_extra_letter_repair_00
generated:0150:phase_surface_extra_letter_repair_00		аабажур 	аабажур	glue	0	data/lexicon/l2_surface_hot_ru.txt	phase_surface_extra_letter_repair_00
generated:0151:phase_surface_extra_letter_repair_01		абоазин 	абазин 	extra_letter_repair	1	data/lexicon/l2_surface_hot_ru.txt	phase_surface_extra_letter_repair_01
generated:0151:phase_surface_extra_letter_repair_01		абоазин 	абоазин 	keep	0	data/lexicon/l2_surface_hot_ru.txt	phase_surface_extra_letter_repair_01
generated:0151:phase_surface_extra_letter_repair_01		абоазин 	f,jfpby 	layout	0	data/lexicon/l2_surface_hot_ru.txt	phase_surface_extra_letter_repair_01
generated:0151:phase_surface_extra_letter_repair_01		абоазин 	абоазин	glue	0	data/lexicon/l2_surface_hot_ru.txt	phase_surface_extra_letter_repair_01
generated:0152:phase_surface_extra_letter_repair_02		абаазия 	абазия 	extra_letter_repair	1	data/lexicon/l2_surface_hot_ru.txt	phase_surface_extra_letter_repair_02
generated:0152:phase_surface_extra_letter_repair_02		абаазия 	абаазия 	keep	0	data/lexicon/l2_surface_hot_ru.txt	phase_surface_extra_letter_repair_02
generated:0152:phase_surface_extra_letter_repair_02		абаазия 	f,ffpbz 	layout	0	data/lexicon/l2_surface_hot_ru.txt	phase_surface_extra_letter_repair_02
generated:0152:phase_surface_extra_letter_repair_02		абаазия 	абаазия	glue	0	data/lexicon/l2_surface_hot_ru.txt	phase_surface_extra_letter_repair_02
generated:0153:phase_surface_extra_letter_repair_03		абакоан 	абакан 	extra_letter_repair	1	data/lexicon/l2_surface_hot_ru.txt	phase_surface_extra_letter_repair_03
generated:0153:phase_surface_extra_letter_repair_03		абакоан 	абакоан 	keep	0	data/lexicon/l2_surface_hot_ru.txt	phase_surface_extra_letter_repair_03
generated:0153:phase_surface_extra_letter_repair_03		абакоан 	f,frjfy 	layout	0	data/lexicon/l2_surface_hot_ru.txt	phase_surface_extra_letter_repair_03
generated:0153:phase_surface_extra_letter_repair_03		абакоан 	абакоан	glue	0	data/lexicon/l2_surface_hot_ru.txt	phase_surface_extra_letter_repair_03
generated:0154:phase_surface_extra_letter_repair_04		абдомаен 	абдомен 	extra_letter_repair	1	data/lexicon/l2_surface_hot_ru.txt	phase_surface_extra_letter_repair_04
generated:0154:phase_surface_extra_letter_repair_04		абдомаен 	абдомаен 	keep	0	data/lexicon/l2_surface_hot_ru.txt	phase_surface_extra_letter_repair_04
generated:0154:phase_surface_extra_letter_repair_04		абдомаен 	f,ljvfty 	layout	0	data/lexicon/l2_surface_hot_ru.txt	phase_surface_extra_letter_repair_04
generated:0154:phase_surface_extra_letter_repair_04		абдомаен 	абдомаен	glue	0	data/lexicon/l2_surface_hot_ru.txt	phase_surface_extra_letter_repair_04
generated:0155:phase_surface_extra_letter_repair_05		абаелев 	абелев 	extra_letter_repair	1	data/lexicon/l2_surface_hot_ru.txt	phase_surface_extra_letter_repair_05
generated:0155:phase_surface_extra_letter_repair_05		абаелев 	абаелев 	keep	0	data/lexicon/l2_surface_hot_ru.txt	phase_surface_extra_letter_repair_05
generated:0155:phase_surface_extra_letter_repair_05		абаелев 	f,ftktd 	layout	0	data/lexicon/l2_surface_hot_ru.txt	phase_surface_extra_letter_repair_05
generated:0155:phase_surface_extra_letter_repair_05		абаелев 	абаелев	glue	0	data/lexicon/l2_surface_hot_ru.txt	phase_surface_extra_letter_repair_05
generated:0156:phase_surface_extra_letter_repair_06		абаердин 	абердин 	extra_letter_repair	1	data/lexicon/l2_surface_hot_ru.txt	phase_surface_extra_letter_repair_06
generated:0156:phase_surface_extra_letter_repair_06		абаердин 	абаердин 	keep	0	data/lexicon/l2_surface_hot_ru.txt	phase_surface_extra_letter_repair_06
generated:0156:phase_surface_extra_letter_repair_06		абаердин 	f,fthlby 	layout	0	data/lexicon/l2_surface_hot_ru.txt	phase_surface_extra_letter_repair_06
generated:0156:phase_surface_extra_letter_repair_06		абаердин 	абаердин	glue	0	data/lexicon/l2_surface_hot_ru.txt	phase_surface_extra_letter_repair_06
generated:0157:phase_surface_extra_letter_repair_07		абзоацев 	абзацев 	extra_letter_repair	1	data/lexicon/l2_surface_hot_ru.txt	phase_surface_extra_letter_repair_07
generated:0157:phase_surface_extra_letter_repair_07		абзоацев 	абзоацев 	keep	0	data/lexicon/l2_surface_hot_ru.txt	phase_surface_extra_letter_repair_07
generated:0157:phase_surface_extra_letter_repair_07		абзоацев 	f,pjfwtd 	layout	0	data/lexicon/l2_surface_hot_ru.txt	phase_surface_extra_letter_repair_07
generated:0157:phase_surface_extra_letter_repair_07		абзоацев 	абзоацев	glue	0	data/lexicon/l2_surface_hot_ru.txt	phase_surface_extra_letter_repair_07
generated:0158:phase_surface_extra_letter_repair_08		абзаацем 	абзацем 	extra_letter_repair	1	data/lexicon/l2_surface_hot_ru.txt	phase_surface_extra_letter_repair_08
generated:0158:phase_surface_extra_letter_repair_08		абзаацем 	абзаацем 	keep	0	data/lexicon/l2_surface_hot_ru.txt	phase_surface_extra_letter_repair_08
generated:0158:phase_surface_extra_letter_repair_08		абзаацем 	f,pffwtv 	layout	0	data/lexicon/l2_surface_hot_ru.txt	phase_surface_extra_letter_repair_08
generated:0158:phase_surface_extra_letter_repair_08		абзаацем 	абзаацем	glue	0	data/lexicon/l2_surface_hot_ru.txt	phase_surface_extra_letter_repair_08
generated:0159:phase_surface_extra_letter_repair_09		абиджоан 	абиджан 	extra_letter_repair	1	data/lexicon/l2_surface_hot_ru.txt	phase_surface_extra_letter_repair_09
generated:0159:phase_surface_extra_letter_repair_09		абиджоан 	абиджоан 	keep	0	data/lexicon/l2_surface_hot_ru.txt	phase_surface_extra_letter_repair_09
generated:0159:phase_surface_extra_letter_repair_09		абиджоан 	f,bl;jfy 	layout	0	data/lexicon/l2_surface_hot_ru.txt	phase_surface_extra_letter_repair_09
generated:0159:phase_surface_extra_letter_repair_09		абиджоан 	абиджоан	glue	0	data/lexicon/l2_surface_hot_ru.txt	phase_surface_extra_letter_repair_09
generated:0160:phase_surface_extra_letter_repair_10		аабиетин 	абиетин 	extra_letter_repair	1	data/lexicon/l2_surface_hot_ru.txt	phase_surface_extra_letter_repair_10
generated:0160:phase_surface_extra_letter_repair_10		аабиетин 	аабиетин 	keep	0	data/lexicon/l2_surface_hot_ru.txt	phase_surface_extra_letter_repair_10
generated:0160:phase_surface_extra_letter_repair_10		аабиетин 	ff,btnby 	layout	0	data/lexicon/l2_surface_hot_ru.txt	phase_surface_extra_letter_repair_10
generated:0160:phase_surface_extra_letter_repair_10		аабиетин 	аабиетин	glue	0	data/lexicon/l2_surface_hot_ru.txt	phase_surface_extra_letter_repair_10
generated:0161:phase_surface_extra_letter_repair_11		абинаск 	абинск 	extra_letter_repair	1	data/lexicon/l2_surface_hot_ru.txt	phase_surface_extra_letter_repair_11
generated:0161:phase_surface_extra_letter_repair_11		абинаск 	абинаск 	keep	0	data/lexicon/l2_surface_hot_ru.txt	phase_surface_extra_letter_repair_11
generated:0161:phase_surface_extra_letter_repair_11		абинаск 	f,byfcr 	layout	0	data/lexicon/l2_surface_hot_ru.txt	phase_surface_extra_letter_repair_11
generated:0161:phase_surface_extra_letter_repair_11		абинаск 	абинаск	glue	0	data/lexicon/l2_surface_hot_ru.txt	phase_surface_extra_letter_repair_11
generated:0162:phase_surface_extra_letter_repair_12		аблаятив 	аблятив 	extra_letter_repair	1	data/lexicon/l2_surface_hot_ru.txt	phase_surface_extra_letter_repair_12
generated:0162:phase_surface_extra_letter_repair_12		аблаятив 	аблаятив 	keep	0	data/lexicon/l2_surface_hot_ru.txt	phase_surface_extra_letter_repair_12
generated:0162:phase_surface_extra_letter_repair_12		аблаятив 	f,kfznbd 	layout	0	data/lexicon/l2_surface_hot_ru.txt	phase_surface_extra_letter_repair_12
generated:0162:phase_surface_extra_letter_repair_12		аблаятив 	аблаятив	glue	0	data/lexicon/l2_surface_hot_ru.txt	phase_surface_extra_letter_repair_12
generated:0163:phase_surface_extra_letter_repair_13		абляация 	абляция 	extra_letter_repair	1	data/lexicon/l2_surface_hot_ru.txt	phase_surface_extra_letter_repair_13
generated:0163:phase_surface_extra_letter_repair_13		абляация 	абляация 	keep	0	data/lexicon/l2_surface_hot_ru.txt	phase_surface_extra_letter_repair_13
generated:0163:phase_surface_extra_letter_repair_13		абляация 	f,kzfwbz 	layout	0	data/lexicon/l2_surface_hot_ru.txt	phase_surface_extra_letter_repair_13
generated:0163:phase_surface_extra_letter_repair_13		абляация 	абляация	glue	0	data/lexicon/l2_surface_hot_ru.txt	phase_surface_extra_letter_repair_13
generated:0164:phase_surface_extra_letter_repair_14		абонеант 	абонент 	extra_letter_repair	1	data/lexicon/l2_surface_hot_ru.txt	phase_surface_extra_letter_repair_14
generated:0164:phase_surface_extra_letter_repair_14		абонеант 	абонеант 	keep	0	data/lexicon/l2_surface_hot_ru.txt	phase_surface_extra_letter_repair_14
generated:0164:phase_surface_extra_letter_repair_14		абонеант 	f,jytfyn 	layout	0	data/lexicon/l2_surface_hot_ru.txt	phase_surface_extra_letter_repair_14
generated:0164:phase_surface_extra_letter_repair_14		абонеант 	абонеант	glue	0	data/lexicon/l2_surface_hot_ru.txt	phase_surface_extra_letter_repair_14
generated:0165:phase_surface_extra_letter_repair_15		аабордаж 	абордаж 	extra_letter_repair	1	data/lexicon/l2_surface_hot_ru.txt	phase_surface_extra_letter_repair_15
generated:0165:phase_surface_extra_letter_repair_15		аабордаж 	аабордаж 	keep	0	data/lexicon/l2_surface_hot_ru.txt	phase_surface_extra_letter_repair_15
generated:0165:phase_surface_extra_letter_repair_15		аабордаж 	ff,jhlf; 	layout	0	data/lexicon/l2_surface_hot_ru.txt	phase_surface_extra_letter_repair_15
generated:0165:phase_surface_extra_letter_repair_15		аабордаж 	аабордаж	glue	0	data/lexicon/l2_surface_hot_ru.txt	phase_surface_extra_letter_repair_15
generated:0166:phase_surface_extra_letter_repair_16		абаразив 	абразив 	extra_letter_repair	1	data/lexicon/l2_surface_hot_ru.txt	phase_surface_extra_letter_repair_16
generated:0166:phase_surface_extra_letter_repair_16		абаразив 	абаразив 	keep	0	data/lexicon/l2_surface_hot_ru.txt	phase_surface_extra_letter_repair_16
generated:0166:phase_surface_extra_letter_repair_16		абаразив 	f,fhfpbd 	layout	0	data/lexicon/l2_surface_hot_ru.txt	phase_surface_extra_letter_repair_16
generated:0166:phase_surface_extra_letter_repair_16		абаразив 	абаразив	glue	0	data/lexicon/l2_surface_hot_ru.txt	phase_surface_extra_letter_repair_16
generated:0167:phase_surface_extra_letter_repair_17		аброазия 	абразия 	extra_letter_repair	1	data/lexicon/l2_surface_hot_ru.txt	phase_surface_extra_letter_repair_17
generated:0167:phase_surface_extra_letter_repair_17		аброазия 	аброазия 	keep	0	data/lexicon/l2_surface_hot_ru.txt	phase_surface_extra_letter_repair_17
generated:0167:phase_surface_extra_letter_repair_17		аброазия 	f,hjfpbz 	layout	0	data/lexicon/l2_surface_hot_ru.txt	phase_surface_extra_letter_repair_17
generated:0167:phase_surface_extra_letter_repair_17		аброазия 	аброазия	glue	0	data/lexicon/l2_surface_hot_ru.txt	phase_surface_extra_letter_repair_17
generated:0168:phase_surface_extra_letter_repair_18		абраеже 	абреже 	extra_letter_repair	1	data/lexicon/l2_surface_hot_ru.txt	phase_surface_extra_letter_repair_18
generated:0168:phase_surface_extra_letter_repair_18		абраеже 	абраеже 	keep	0	data/lexicon/l2_surface_hot_ru.txt	phase_surface_extra_letter_repair_18
generated:0168:phase_surface_extra_letter_repair_18		абраеже 	f,hft;t 	layout	0	data/lexicon/l2_surface_hot_ru.txt	phase_surface_extra_letter_repair_18
generated:0168:phase_surface_extra_letter_repair_18		абраеже 	абраеже	glue	0	data/lexicon/l2_surface_hot_ru.txt	phase_surface_extra_letter_repair_18
generated:0169:phase_surface_extra_letter_repair_19		абрикаос 	абрикос 	extra_letter_repair	1	data/lexicon/l2_surface_hot_ru.txt	phase_surface_extra_letter_repair_19
generated:0169:phase_surface_extra_letter_repair_19		абрикаос 	абрикаос 	keep	0	data/lexicon/l2_surface_hot_ru.txt	phase_surface_extra_letter_repair_19
generated:0169:phase_surface_extra_letter_repair_19		абрикаос 	f,hbrfjc 	layout	0	data/lexicon/l2_surface_hot_ru.txt	phase_surface_extra_letter_repair_19
generated:0169:phase_surface_extra_letter_repair_19		абрикаос 	абрикаос	glue	0	data/lexicon/l2_surface_hot_ru.txt	phase_surface_extra_letter_repair_19
generated:0170:phase_surface_extra_letter_repair_20		аабсент 	абсент 	extra_letter_repair	1	data/lexicon/l2_surface_hot_ru.txt	phase_surface_extra_letter_repair_20
generated:0170:phase_surface_extra_letter_repair_20		аабсент 	аабсент 	keep	0	data/lexicon/l2_surface_hot_ru.txt	phase_surface_extra_letter_repair_20
generated:0170:phase_surface_extra_letter_repair_20		аабсент 	ff,ctyn 	layout	0	data/lexicon/l2_surface_hot_ru.txt	phase_surface_extra_letter_repair_20
generated:0170:phase_surface_extra_letter_repair_20		аабсент 	аабсент	glue	0	data/lexicon/l2_surface_hot_ru.txt	phase_surface_extra_letter_repair_20
generated:0171:phase_surface_extra_letter_repair_21		абасолют 	абсолют 	extra_letter_repair	1	data/lexicon/l2_surface_hot_ru.txt	phase_surface_extra_letter_repair_21
generated:0171:phase_surface_extra_letter_repair_21		абасолют 	абасолют 	keep	0	data/lexicon/l2_surface_hot_ru.txt	phase_surface_extra_letter_repair_21
generated:0171:phase_surface_extra_letter_repair_21		абасолют 	f,fcjk.n 	layout	0	data/lexicon/l2_surface_hot_ru.txt	phase_surface_extra_letter_repair_21
generated:0171:phase_surface_extra_letter_repair_21		абасолют 	абасолют	glue	0	data/lexicon/l2_surface_hot_ru.txt	phase_surface_extra_letter_repair_21
generated:0172:phase_surface_extra_letter_repair_22		абсаурд 	абсурд 	extra_letter_repair	1	data/lexicon/l2_surface_hot_ru.txt	phase_surface_extra_letter_repair_22
generated:0172:phase_surface_extra_letter_repair_22		абсаурд 	абсаурд 	keep	0	data/lexicon/l2_surface_hot_ru.txt	phase_surface_extra_letter_repair_22
generated:0172:phase_surface_extra_letter_repair_22		абсаурд 	f,cfehl 	layout	0	data/lexicon/l2_surface_hot_ru.txt	phase_surface_extra_letter_repair_22
generated:0172:phase_surface_extra_letter_repair_22		абсаурд 	абсаурд	glue	0	data/lexicon/l2_surface_hot_ru.txt	phase_surface_extra_letter_repair_22
generated:0173:phase_surface_extra_letter_repair_23		абсцаесс 	абсцесс 	extra_letter_repair	1	data/lexicon/l2_surface_hot_ru.txt	phase_surface_extra_letter_repair_23
generated:0173:phase_surface_extra_letter_repair_23		абсцаесс 	абсцаесс 	keep	0	data/lexicon/l2_surface_hot_ru.txt	phase_surface_extra_letter_repair_23
generated:0173:phase_surface_extra_letter_repair_23		абсцаесс 	f,cwftcc 	layout	0	data/lexicon/l2_surface_hot_ru.txt	phase_surface_extra_letter_repair_23
generated:0173:phase_surface_extra_letter_repair_23		абсцаесс 	абсцаесс	glue	0	data/lexicon/l2_surface_hot_ru.txt	phase_surface_extra_letter_repair_23
generated:0174:phase_surface_letter_substitution_00		ааажур 	абажур 	letter_substitution	1	data/lexicon/l2_surface_hot_ru.txt	phase_surface_letter_substitution_00
generated:0174:phase_surface_letter_substitution_00		ааажур 	ааажур 	keep	0	data/lexicon/l2_surface_hot_ru.txt	phase_surface_letter_substitution_00
generated:0174:phase_surface_letter_substitution_00		ааажур 	fff;eh 	layout	0	data/lexicon/l2_surface_hot_ru.txt	phase_surface_letter_substitution_00
generated:0174:phase_surface_letter_substitution_00		ааажур 	ааажур	glue	0	data/lexicon/l2_surface_hot_ru.txt	phase_surface_letter_substitution_00
generated:0175:phase_surface_letter_substitution_01		абозин 	абазин 	letter_substitution	1	data/lexicon/l2_surface_hot_ru.txt	phase_surface_letter_substitution_01
generated:0175:phase_surface_letter_substitution_01		абозин 	абозин 	keep	0	data/lexicon/l2_surface_hot_ru.txt	phase_surface_letter_substitution_01
generated:0175:phase_surface_letter_substitution_01		абозин 	f,jpby 	layout	0	data/lexicon/l2_surface_hot_ru.txt	phase_surface_letter_substitution_01
generated:0175:phase_surface_letter_substitution_01		абозин 	абозин	glue	0	data/lexicon/l2_surface_hot_ru.txt	phase_surface_letter_substitution_01
generated:0176:phase_surface_letter_substitution_02		абааия 	абазия 	letter_substitution	1	data/lexicon/l2_surface_hot_ru.txt	phase_surface_letter_substitution_02
generated:0176:phase_surface_letter_substitution_02		абааия 	абааия 	keep	0	data/lexicon/l2_surface_hot_ru.txt	phase_surface_letter_substitution_02
generated:0176:phase_surface_letter_substitution_02		абааия 	f,ffbz 	layout	0	data/lexicon/l2_surface_hot_ru.txt	phase_surface_letter_substitution_02
generated:0176:phase_surface_letter_substitution_02		абааия 	абааия	glue	0	data/lexicon/l2_surface_hot_ru.txt	phase_surface_letter_substitution_02
generated:0177:phase_surface_letter_substitution_03		абакон 	абакан 	letter_substitution	1	data/lexicon/l2_surface_hot_ru.txt	phase_surface_letter_substitution_03
generated:0177:phase_surface_letter_substitution_03		абакон 	абакон 	keep	0	data/lexicon/l2_surface_hot_ru.txt	phase_surface_letter_substitution_03
generated:0177:phase_surface_letter_substitution_03		абакон 	f,frjy 	layout	0	data/lexicon/l2_surface_hot_ru.txt	phase_surface_letter_substitution_03
generated:0177:phase_surface_letter_substitution_03		абакон 	абакон	glue	0	data/lexicon/l2_surface_hot_ru.txt	phase_surface_letter_substitution_03
generated:0178:phase_surface_letter_substitution_04		абдоман 	абдомен 	letter_substitution	1	data/lexicon/l2_surface_hot_ru.txt	phase_surface_letter_substitution_04
generated:0178:phase_surface_letter_substitution_04		абдоман 	абдоман 	keep	0	data/lexicon/l2_surface_hot_ru.txt	phase_surface_letter_substitution_04
generated:0178:phase_surface_letter_substitution_04		абдоман 	f,ljvfy 	layout	0	data/lexicon/l2_surface_hot_ru.txt	phase_surface_letter_substitution_04
generated:0178:phase_surface_letter_substitution_04		абдоман 	абдоман	glue	0	data/lexicon/l2_surface_hot_ru.txt	phase_surface_letter_substitution_04
generated:0179:phase_surface_letter_substitution_05		абалев 	абелев 	letter_substitution	1	data/lexicon/l2_surface_hot_ru.txt	phase_surface_letter_substitution_05
generated:0179:phase_surface_letter_substitution_05		абалев 	абалев 	keep	0	data/lexicon/l2_surface_hot_ru.txt	phase_surface_letter_substitution_05
generated:0179:phase_surface_letter_substitution_05		абалев 	f,fktd 	layout	0	data/lexicon/l2_surface_hot_ru.txt	phase_surface_letter_substitution_05
generated:0179:phase_surface_letter_substitution_05		абалев 	абалев	glue	0	data/lexicon/l2_surface_hot_ru.txt	phase_surface_letter_substitution_05
generated:0180:phase_surface_letter_substitution_06		абардин 	абердин 	letter_substitution	1	data/lexicon/l2_surface_hot_ru.txt	phase_surface_letter_substitution_06
generated:0180:phase_surface_letter_substitution_06		абардин 	абардин 	keep	0	data/lexicon/l2_surface_hot_ru.txt	phase_surface_letter_substitution_06
generated:0180:phase_surface_letter_substitution_06		абардин 	f,fhlby 	layout	0	data/lexicon/l2_surface_hot_ru.txt	phase_surface_letter_substitution_06
generated:0180:phase_surface_letter_substitution_06		абардин 	абардин	glue	0	data/lexicon/l2_surface_hot_ru.txt	phase_surface_letter_substitution_06
generated:0181:phase_surface_letter_substitution_07		абзоцев 	абзацев 	letter_substitution	1	data/lexicon/l2_surface_hot_ru.txt	phase_surface_letter_substitution_07
generated:0181:phase_surface_letter_substitution_07		абзоцев 	абзоцев 	keep	0	data/lexicon/l2_surface_hot_ru.txt	phase_surface_letter_substitution_07
generated:0181:phase_surface_letter_substitution_07		абзоцев 	f,pjwtd 	layout	0	data/lexicon/l2_surface_hot_ru.txt	phase_surface_letter_substitution_07
generated:0181:phase_surface_letter_substitution_07		абзоцев 	абзоцев	glue	0	data/lexicon/l2_surface_hot_ru.txt	phase_surface_letter_substitution_07
generated:0182:phase_surface_letter_substitution_08		абзааем 	абзацем 	letter_substitution	1	data/lexicon/l2_surface_hot_ru.txt	phase_surface_letter_substitution_08
generated:0182:phase_surface_letter_substitution_08		абзааем 	абзааем 	keep	0	data/lexicon/l2_surface_hot_ru.txt	phase_surface_letter_substitution_08
generated:0182:phase_surface_letter_substitution_08		абзааем 	f,pfftv 	layout	0	data/lexicon/l2_surface_hot_ru.txt	phase_surface_letter_substitution_08
generated:0182:phase_surface_letter_substitution_08		абзааем 	абзааем	glue	0	data/lexicon/l2_surface_hot_ru.txt	phase_surface_letter_substitution_08
generated:0183:phase_surface_letter_substitution_09		абиджон 	абиджан 	letter_substitution	1	data/lexicon/l2_surface_hot_ru.txt	phase_surface_letter_substitution_09
generated:0183:phase_surface_letter_substitution_09		абиджон 	абиджон 	keep	0	data/lexicon/l2_surface_hot_ru.txt	phase_surface_letter_substitution_09
generated:0183:phase_surface_letter_substitution_09		абиджон 	f,bl;jy 	layout	0	data/lexicon/l2_surface_hot_ru.txt	phase_surface_letter_substitution_09
generated:0183:phase_surface_letter_substitution_09		абиджон 	абиджон	glue	0	data/lexicon/l2_surface_hot_ru.txt	phase_surface_letter_substitution_09
generated:0184:phase_surface_letter_substitution_10		ааиетин 	абиетин 	letter_substitution	1	data/lexicon/l2_surface_hot_ru.txt	phase_surface_letter_substitution_10
generated:0184:phase_surface_letter_substitution_10		ааиетин 	ааиетин 	keep	0	data/lexicon/l2_surface_hot_ru.txt	phase_surface_letter_substitution_10
generated:0184:phase_surface_letter_substitution_10		ааиетин 	ffbtnby 	layout	0	data/lexicon/l2_surface_hot_ru.txt	phase_surface_letter_substitution_10
generated:0184:phase_surface_letter_substitution_10		ааиетин 	ааиетин	glue	0	data/lexicon/l2_surface_hot_ru.txt	phase_surface_letter_substitution_10
generated:0185:phase_surface_letter_substitution_11		абинак 	абинск 	letter_substitution	1	data/lexicon/l2_surface_hot_ru.txt	phase_surface_letter_substitution_11
generated:0185:phase_surface_letter_substitution_11		абинак 	абинак 	keep	0	data/lexicon/l2_surface_hot_ru.txt	phase_surface_letter_substitution_11
generated:0185:phase_surface_letter_substitution_11		абинак 	f,byfr 	layout	0	data/lexicon/l2_surface_hot_ru.txt	phase_surface_letter_substitution_11
generated:0185:phase_surface_letter_substitution_11		абинак 	абинак	glue	0	data/lexicon/l2_surface_hot_ru.txt	phase_surface_letter_substitution_11
generated:0186:phase_surface_letter_substitution_12		аблатив 	аблятив 	letter_substitution	1	data/lexicon/l2_surface_hot_ru.txt	phase_surface_letter_substitution_12
generated:0186:phase_surface_letter_substitution_12		аблатив 	аблатив 	keep	0	data/lexicon/l2_surface_hot_ru.txt	phase_surface_letter_substitution_12
generated:0186:phase_surface_letter_substitution_12		аблатив 	f,kfnbd 	layout	0	data/lexicon/l2_surface_hot_ru.txt	phase_surface_letter_substitution_12
generated:0186:phase_surface_letter_substitution_12		аблатив 	аблатив	glue	0	data/lexicon/l2_surface_hot_ru.txt	phase_surface_letter_substitution_12
generated:0187:phase_surface_letter_substitution_13		абляаия 	абляция 	letter_substitution	1	data/lexicon/l2_surface_hot_ru.txt	phase_surface_letter_substitution_13
generated:0187:phase_surface_letter_substitution_13		абляаия 	абляаия 	keep	0	data/lexicon/l2_surface_hot_ru.txt	phase_surface_letter_substitution_13
generated:0187:phase_surface_letter_substitution_13		абляаия 	f,kzfbz 	layout	0	data/lexicon/l2_surface_hot_ru.txt	phase_surface_letter_substitution_13
generated:0187:phase_surface_letter_substitution_13		абляаия 	абляаия	glue	0	data/lexicon/l2_surface_hot_ru.txt	phase_surface_letter_substitution_13
generated:0188:phase_surface_letter_substitution_14		абонеат 	абонент 	letter_substitution	1	data/lexicon/l2_surface_hot_ru.txt	phase_surface_letter_substitution_14
generated:0188:phase_surface_letter_substitution_14		абонеат 	абонеат 	keep	0	data/lexicon/l2_surface_hot_ru.txt	phase_surface_letter_substitution_14
generated:0188:phase_surface_letter_substitution_14		абонеат 	f,jytfn 	layout	0	data/lexicon/l2_surface_hot_ru.txt	phase_surface_letter_substitution_14
generated:0188:phase_surface_letter_substitution_14		абонеат 	абонеат	glue	0	data/lexicon/l2_surface_hot_ru.txt	phase_surface_letter_substitution_14
generated:0189:phase_surface_letter_substitution_15		ааордаж 	абордаж 	letter_substitution	1	data/lexicon/l2_surface_hot_ru.txt	phase_surface_letter_substitution_15
generated:0189:phase_surface_letter_substitution_15		ааордаж 	ааордаж 	keep	0	data/lexicon/l2_surface_hot_ru.txt	phase_surface_letter_substitution_15
generated:0189:phase_surface_letter_substitution_15		ааордаж 	ffjhlf; 	layout	0	data/lexicon/l2_surface_hot_ru.txt	phase_surface_letter_substitution_15
generated:0189:phase_surface_letter_substitution_15		ааордаж 	ааордаж	glue	0	data/lexicon/l2_surface_hot_ru.txt	phase_surface_letter_substitution_15
generated:0190:phase_surface_letter_substitution_16		абаазив 	абразив 	letter_substitution	1	data/lexicon/l2_surface_hot_ru.txt	phase_surface_letter_substitution_16
generated:0190:phase_surface_letter_substitution_16		абаазив 	абаазив 	keep	0	data/lexicon/l2_surface_hot_ru.txt	phase_surface_letter_substitution_16
generated:0190:phase_surface_letter_substitution_16		абаазив 	f,ffpbd 	layout	0	data/lexicon/l2_surface_hot_ru.txt	phase_surface_letter_substitution_16
generated:0190:phase_surface_letter_substitution_16		абаазив 	абаазив	glue	0	data/lexicon/l2_surface_hot_ru.txt	phase_surface_letter_substitution_16
generated:0191:phase_surface_letter_substitution_17		аброзия 	абразия 	letter_substitution	1	data/lexicon/l2_surface_hot_ru.txt	phase_surface_letter_substitution_17
generated:0191:phase_surface_letter_substitution_17		аброзия 	аброзия 	keep	0	data/lexicon/l2_surface_hot_ru.txt	phase_surface_letter_substitution_17
generated:0191:phase_surface_letter_substitution_17		аброзия 	f,hjpbz 	layout	0	data/lexicon/l2_surface_hot_ru.txt	phase_surface_letter_substitution_17
generated:0191:phase_surface_letter_substitution_17		аброзия 	аброзия	glue	0	data/lexicon/l2_surface_hot_ru.txt	phase_surface_letter_substitution_17
generated:0192:phase_surface_letter_substitution_18		абраже 	абреже 	letter_substitution	1	data/lexicon/l2_surface_hot_ru.txt	phase_surface_letter_substitution_18
generated:0192:phase_surface_letter_substitution_18		абраже 	абраже 	keep	0	data/lexicon/l2_surface_hot_ru.txt	phase_surface_letter_substitution_18
generated:0192:phase_surface_letter_substitution_18		абраже 	f,hf;t 	layout	0	data/lexicon/l2_surface_hot_ru.txt	phase_surface_letter_substitution_18
generated:0192:phase_surface_letter_substitution_18		абраже 	абраже	glue	0	data/lexicon/l2_surface_hot_ru.txt	phase_surface_letter_substitution_18
generated:0193:phase_surface_letter_substitution_19		абрикас 	абрикос 	letter_substitution	1	data/lexicon/l2_surface_hot_ru.txt	phase_surface_letter_substitution_19
generated:0193:phase_surface_letter_substitution_19		абрикас 	абрикас 	keep	0	data/lexicon/l2_surface_hot_ru.txt	phase_surface_letter_substitution_19
generated:0193:phase_surface_letter_substitution_19		абрикас 	f,hbrfc 	layout	0	data/lexicon/l2_surface_hot_ru.txt	phase_surface_letter_substitution_19
generated:0193:phase_surface_letter_substitution_19		абрикас 	абрикас	glue	0	data/lexicon/l2_surface_hot_ru.txt	phase_surface_letter_substitution_19
generated:0194:phase_surface_letter_substitution_20		аасент 	абсент 	letter_substitution	1	data/lexicon/l2_surface_hot_ru.txt	phase_surface_letter_substitution_20
generated:0194:phase_surface_letter_substitution_20		аасент 	аасент 	keep	0	data/lexicon/l2_surface_hot_ru.txt	phase_surface_letter_substitution_20
generated:0194:phase_surface_letter_substitution_20		аасент 	ffctyn 	layout	0	data/lexicon/l2_surface_hot_ru.txt	phase_surface_letter_substitution_20
generated:0194:phase_surface_letter_substitution_20		аасент 	аасент	glue	0	data/lexicon/l2_surface_hot_ru.txt	phase_surface_letter_substitution_20
generated:0195:phase_surface_letter_substitution_21		абаолют 	абсолют 	letter_substitution	1	data/lexicon/l2_surface_hot_ru.txt	phase_surface_letter_substitution_21
generated:0195:phase_surface_letter_substitution_21		абаолют 	абаолют 	keep	0	data/lexicon/l2_surface_hot_ru.txt	phase_surface_letter_substitution_21
generated:0195:phase_surface_letter_substitution_21		абаолют 	f,fjk.n 	layout	0	data/lexicon/l2_surface_hot_ru.txt	phase_surface_letter_substitution_21
generated:0195:phase_surface_letter_substitution_21		абаолют 	абаолют	glue	0	data/lexicon/l2_surface_hot_ru.txt	phase_surface_letter_substitution_21
generated:0196:phase_surface_letter_substitution_22		абсард 	абсурд 	letter_substitution	1	data/lexicon/l2_surface_hot_ru.txt	phase_surface_letter_substitution_22
generated:0196:phase_surface_letter_substitution_22		абсард 	абсард 	keep	0	data/lexicon/l2_surface_hot_ru.txt	phase_surface_letter_substitution_22
generated:0196:phase_surface_letter_substitution_22		абсард 	f,cfhl 	layout	0	data/lexicon/l2_surface_hot_ru.txt	phase_surface_letter_substitution_22
generated:0196:phase_surface_letter_substitution_22		абсард 	абсард	glue	0	data/lexicon/l2_surface_hot_ru.txt	phase_surface_letter_substitution_22
generated:0197:phase_surface_letter_substitution_23		абсцасс 	абсцесс 	letter_substitution	1	data/lexicon/l2_surface_hot_ru.txt	phase_surface_letter_substitution_23
generated:0197:phase_surface_letter_substitution_23		абсцасс 	абсцасс 	keep	0	data/lexicon/l2_surface_hot_ru.txt	phase_surface_letter_substitution_23
generated:0197:phase_surface_letter_substitution_23		абсцасс 	f,cwfcc 	layout	0	data/lexicon/l2_surface_hot_ru.txt	phase_surface_letter_substitution_23
generated:0197:phase_surface_letter_substitution_23		абсцасс 	абсцасс	glue	0	data/lexicon/l2_surface_hot_ru.txt	phase_surface_letter_substitution_23
generated:0198:phase_surface_accept_completion_00		абаж 	абажур 	accept_completion	1	data/lexicon/l2_surface_hot_ru.txt	phase_surface_accept_completion_00
generated:0198:phase_surface_accept_completion_00		абаж 	абаж 	keep	0	data/lexicon/l2_surface_hot_ru.txt	phase_surface_accept_completion_00
generated:0198:phase_surface_accept_completion_00		абаж 	f,f; 	layout	0	data/lexicon/l2_surface_hot_ru.txt	phase_surface_accept_completion_00
generated:0198:phase_surface_accept_completion_00		абаж 	абаж	glue	0	data/lexicon/l2_surface_hot_ru.txt	phase_surface_accept_completion_00
generated:0199:phase_surface_accept_completion_01		аба 	абазин 	accept_completion	1	data/lexicon/l2_surface_hot_ru.txt	phase_surface_accept_completion_01
generated:0199:phase_surface_accept_completion_01		аба 	аба 	keep	0	data/lexicon/l2_surface_hot_ru.txt	phase_surface_accept_completion_01
generated:0199:phase_surface_accept_completion_01		аба 	f,f 	layout	0	data/lexicon/l2_surface_hot_ru.txt	phase_surface_accept_completion_01
generated:0199:phase_surface_accept_completion_01		аба 	аба	glue	0	data/lexicon/l2_surface_hot_ru.txt	phase_surface_accept_completion_01
generated:0200:phase_surface_accept_completion_02		абаз 	абазия 	accept_completion	1	data/lexicon/l2_surface_hot_ru.txt	phase_surface_accept_completion_02
generated:0200:phase_surface_accept_completion_02		абаз 	абаз 	keep	0	data/lexicon/l2_surface_hot_ru.txt	phase_surface_accept_completion_02
generated:0200:phase_surface_accept_completion_02		абаз 	f,fp 	layout	0	data/lexicon/l2_surface_hot_ru.txt	phase_surface_accept_completion_02
generated:0200:phase_surface_accept_completion_02		абаз 	абаз	glue	0	data/lexicon/l2_surface_hot_ru.txt	phase_surface_accept_completion_02
generated:0201:phase_surface_accept_completion_03		аба 	абакан 	accept_completion	1	data/lexicon/l2_surface_hot_ru.txt	phase_surface_accept_completion_03
generated:0201:phase_surface_accept_completion_03		аба 	аба 	keep	0	data/lexicon/l2_surface_hot_ru.txt	phase_surface_accept_completion_03
generated:0201:phase_surface_accept_completion_03		аба 	f,f 	layout	0	data/lexicon/l2_surface_hot_ru.txt	phase_surface_accept_completion_03
generated:0201:phase_surface_accept_completion_03		аба 	аба	glue	0	data/lexicon/l2_surface_hot_ru.txt	phase_surface_accept_completion_03
generated:0202:phase_surface_accept_completion_04		абдом 	абдомен 	accept_completion	1	data/lexicon/l2_surface_hot_ru.txt	phase_surface_accept_completion_04
generated:0202:phase_surface_accept_completion_04		абдом 	абдом 	keep	0	data/lexicon/l2_surface_hot_ru.txt	phase_surface_accept_completion_04
generated:0202:phase_surface_accept_completion_04		абдом 	f,ljv 	layout	0	data/lexicon/l2_surface_hot_ru.txt	phase_surface_accept_completion_04
generated:0202:phase_surface_accept_completion_04		абдом 	абдом	glue	0	data/lexicon/l2_surface_hot_ru.txt	phase_surface_accept_completion_04
generated:0203:phase_surface_accept_completion_05		абе 	абелев 	accept_completion	1	data/lexicon/l2_surface_hot_ru.txt	phase_surface_accept_completion_05
generated:0203:phase_surface_accept_completion_05		абе 	абе 	keep	0	data/lexicon/l2_surface_hot_ru.txt	phase_surface_accept_completion_05
generated:0203:phase_surface_accept_completion_05		абе 	f,t 	layout	0	data/lexicon/l2_surface_hot_ru.txt	phase_surface_accept_completion_05
generated:0203:phase_surface_accept_completion_05		абе 	абе	glue	0	data/lexicon/l2_surface_hot_ru.txt	phase_surface_accept_completion_05
generated:0204:phase_surface_accept_completion_06		аберд 	абердин 	accept_completion	1	data/lexicon/l2_surface_hot_ru.txt	phase_surface_accept_completion_06
generated:0204:phase_surface_accept_completion_06		аберд 	аберд 	keep	0	data/lexicon/l2_surface_hot_ru.txt	phase_surface_accept_completion_06
generated:0204:phase_surface_accept_completion_06		аберд 	f,thl 	layout	0	data/lexicon/l2_surface_hot_ru.txt	phase_surface_accept_completion_06
generated:0204:phase_surface_accept_completion_06		аберд 	аберд	glue	0	data/lexicon/l2_surface_hot_ru.txt	phase_surface_accept_completion_06
generated:0205:phase_surface_accept_completion_07		абза 	абзацев 	accept_completion	1	data/lexicon/l2_surface_hot_ru.txt	phase_surface_accept_completion_07
generated:0205:phase_surface_accept_completion_07		абза 	абза 	keep	0	data/lexicon/l2_surface_hot_ru.txt	phase_surface_accept_completion_07
generated:0205:phase_surface_accept_completion_07		абза 	f,pf 	layout	0	data/lexicon/l2_surface_hot_ru.txt	phase_surface_accept_completion_07
generated:0205:phase_surface_accept_completion_07		абза 	абза	glue	0	data/lexicon/l2_surface_hot_ru.txt	phase_surface_accept_completion_07
generated:0206:phase_surface_accept_completion_08		абзац 	абзацем 	accept_completion	1	data/lexicon/l2_surface_hot_ru.txt	phase_surface_accept_completion_08
generated:0206:phase_surface_accept_completion_08		абзац 	абзац 	keep	0	data/lexicon/l2_surface_hot_ru.txt	phase_surface_accept_completion_08
generated:0206:phase_surface_accept_completion_08		абзац 	f,pfw 	layout	0	data/lexicon/l2_surface_hot_ru.txt	phase_surface_accept_completion_08
generated:0206:phase_surface_accept_completion_08		абзац 	абзац	glue	0	data/lexicon/l2_surface_hot_ru.txt	phase_surface_accept_completion_08
generated:0207:phase_surface_accept_completion_09		абид 	абиджан 	accept_completion	1	data/lexicon/l2_surface_hot_ru.txt	phase_surface_accept_completion_09
generated:0207:phase_surface_accept_completion_09		абид 	абид 	keep	0	data/lexicon/l2_surface_hot_ru.txt	phase_surface_accept_completion_09
generated:0207:phase_surface_accept_completion_09		абид 	f,bl 	layout	0	data/lexicon/l2_surface_hot_ru.txt	phase_surface_accept_completion_09
generated:0207:phase_surface_accept_completion_09		абид 	абид	glue	0	data/lexicon/l2_surface_hot_ru.txt	phase_surface_accept_completion_09
generated:0208:phase_surface_accept_completion_10		абиет 	абиетин 	accept_completion	1	data/lexicon/l2_surface_hot_ru.txt	phase_surface_accept_completion_10
generated:0208:phase_surface_accept_completion_10		абиет 	абиет 	keep	0	data/lexicon/l2_surface_hot_ru.txt	phase_surface_accept_completion_10
generated:0208:phase_surface_accept_completion_10		абиет 	f,btn 	layout	0	data/lexicon/l2_surface_hot_ru.txt	phase_surface_accept_completion_10
generated:0208:phase_surface_accept_completion_10		абиет 	абиет	glue	0	data/lexicon/l2_surface_hot_ru.txt	phase_surface_accept_completion_10
generated:0209:phase_surface_accept_completion_11		аби 	абинск 	accept_completion	1	data/lexicon/l2_surface_hot_ru.txt	phase_surface_accept_completion_11
generated:0209:phase_surface_accept_completion_11		аби 	аби 	keep	0	data/lexicon/l2_surface_hot_ru.txt	phase_surface_accept_completion_11
generated:0209:phase_surface_accept_completion_11		аби 	f,b 	layout	0	data/lexicon/l2_surface_hot_ru.txt	phase_surface_accept_completion_11
generated:0209:phase_surface_accept_completion_11		аби 	аби	glue	0	data/lexicon/l2_surface_hot_ru.txt	phase_surface_accept_completion_11
generated:0210:phase_surface_accept_completion_12		аблят 	аблятив 	accept_completion	1	data/lexicon/l2_surface_hot_ru.txt	phase_surface_accept_completion_12
generated:0210:phase_surface_accept_completion_12		аблят 	аблят 	keep	0	data/lexicon/l2_surface_hot_ru.txt	phase_surface_accept_completion_12
generated:0210:phase_surface_accept_completion_12		аблят 	f,kzn 	layout	0	data/lexicon/l2_surface_hot_ru.txt	phase_surface_accept_completion_12
generated:0210:phase_surface_accept_completion_12		аблят 	аблят	glue	0	data/lexicon/l2_surface_hot_ru.txt	phase_surface_accept_completion_12
generated:0211:phase_surface_accept_completion_13		абля 	абляция 	accept_completion	1	data/lexicon/l2_surface_hot_ru.txt	phase_surface_accept_completion_13
generated:0211:phase_surface_accept_completion_13		абля 	абля 	keep	0	data/lexicon/l2_surface_hot_ru.txt	phase_surface_accept_completion_13
generated:0211:phase_surface_accept_completion_13		абля 	f,kz 	layout	0	data/lexicon/l2_surface_hot_ru.txt	phase_surface_accept_completion_13
generated:0211:phase_surface_accept_completion_13		абля 	абля	glue	0	data/lexicon/l2_surface_hot_ru.txt	phase_surface_accept_completion_13
generated:0212:phase_surface_accept_completion_14		абоне 	абонент 	accept_completion	1	data/lexicon/l2_surface_hot_ru.txt	phase_surface_accept_completion_14
generated:0212:phase_surface_accept_completion_14		абоне 	абоне 	keep	0	data/lexicon/l2_surface_hot_ru.txt	phase_surface_accept_completion_14
generated:0212:phase_surface_accept_completion_14		абоне 	f,jyt 	layout	0	data/lexicon/l2_surface_hot_ru.txt	phase_surface_accept_completion_14
generated:0212:phase_surface_accept_completion_14		абоне 	абоне	glue	0	data/lexicon/l2_surface_hot_ru.txt	phase_surface_accept_completion_14
generated:0213:phase_surface_accept_completion_15		абор 	абордаж 	accept_completion	1	data/lexicon/l2_surface_hot_ru.txt	phase_surface_accept_completion_15
generated:0213:phase_surface_accept_completion_15		абор 	абор 	keep	0	data/lexicon/l2_surface_hot_ru.txt	phase_surface_accept_completion_15
generated:0213:phase_surface_accept_completion_15		абор 	f,jh 	layout	0	data/lexicon/l2_surface_hot_ru.txt	phase_surface_accept_completion_15
generated:0213:phase_surface_accept_completion_15		абор 	абор	glue	0	data/lexicon/l2_surface_hot_ru.txt	phase_surface_accept_completion_15
generated:0214:phase_surface_accept_completion_16		абраз 	абразив 	accept_completion	1	data/lexicon/l2_surface_hot_ru.txt	phase_surface_accept_completion_16
generated:0214:phase_surface_accept_completion_16		абраз 	абраз 	keep	0	data/lexicon/l2_surface_hot_ru.txt	phase_surface_accept_completion_16
generated:0214:phase_surface_accept_completion_16		абраз 	f,hfp 	layout	0	data/lexicon/l2_surface_hot_ru.txt	phase_surface_accept_completion_16
generated:0214:phase_surface_accept_completion_16		абраз 	абраз	glue	0	data/lexicon/l2_surface_hot_ru.txt	phase_surface_accept_completion_16
generated:0215:phase_surface_accept_completion_17		абра 	абразия 	accept_completion	1	data/lexicon/l2_surface_hot_ru.txt	phase_surface_accept_completion_17
generated:0215:phase_surface_accept_completion_17		абра 	абра 	keep	0	data/lexicon/l2_surface_hot_ru.txt	phase_surface_accept_completion_17
generated:0215:phase_surface_accept_completion_17		абра 	f,hf 	layout	0	data/lexicon/l2_surface_hot_ru.txt	phase_surface_accept_completion_17
generated:0215:phase_surface_accept_completion_17		абра 	абра	glue	0	data/lexicon/l2_surface_hot_ru.txt	phase_surface_accept_completion_17
generated:0216:phase_surface_accept_completion_18		абре 	абреже 	accept_completion	1	data/lexicon/l2_surface_hot_ru.txt	phase_surface_accept_completion_18
generated:0216:phase_surface_accept_completion_18		абре 	абре 	keep	0	data/lexicon/l2_surface_hot_ru.txt	phase_surface_accept_completion_18
generated:0216:phase_surface_accept_completion_18		абре 	f,ht 	layout	0	data/lexicon/l2_surface_hot_ru.txt	phase_surface_accept_completion_18
generated:0216:phase_surface_accept_completion_18		абре 	абре	glue	0	data/lexicon/l2_surface_hot_ru.txt	phase_surface_accept_completion_18
generated:0217:phase_surface_accept_completion_19		абри 	абрикос 	accept_completion	1	data/lexicon/l2_surface_hot_ru.txt	phase_surface_accept_completion_19
generated:0217:phase_surface_accept_completion_19		абри 	абри 	keep	0	data/lexicon/l2_surface_hot_ru.txt	phase_surface_accept_completion_19
generated:0217:phase_surface_accept_completion_19		абри 	f,hb 	layout	0	data/lexicon/l2_surface_hot_ru.txt	phase_surface_accept_completion_19
generated:0217:phase_surface_accept_completion_19		абри 	абри	glue	0	data/lexicon/l2_surface_hot_ru.txt	phase_surface_accept_completion_19
generated:0218:phase_surface_accept_completion_20		абсе 	абсент 	accept_completion	1	data/lexicon/l2_surface_hot_ru.txt	phase_surface_accept_completion_20
generated:0218:phase_surface_accept_completion_20		абсе 	абсе 	keep	0	data/lexicon/l2_surface_hot_ru.txt	phase_surface_accept_completion_20
generated:0218:phase_surface_accept_completion_20		абсе 	f,ct 	layout	0	data/lexicon/l2_surface_hot_ru.txt	phase_surface_accept_completion_20
generated:0218:phase_surface_accept_completion_20		абсе 	абсе	glue	0	data/lexicon/l2_surface_hot_ru.txt	phase_surface_accept_completion_20
generated:0219:phase_surface_accept_completion_21		абсо 	абсолют 	accept_completion	1	data/lexicon/l2_surface_hot_ru.txt	phase_surface_accept_completion_21
generated:0219:phase_surface_accept_completion_21		абсо 	абсо 	keep	0	data/lexicon/l2_surface_hot_ru.txt	phase_surface_accept_completion_21
generated:0219:phase_surface_accept_completion_21		абсо 	f,cj 	layout	0	data/lexicon/l2_surface_hot_ru.txt	phase_surface_accept_completion_21
generated:0219:phase_surface_accept_completion_21		абсо 	абсо	glue	0	data/lexicon/l2_surface_hot_ru.txt	phase_surface_accept_completion_21
generated:0220:phase_surface_accept_completion_22		абсу 	абсурд 	accept_completion	1	data/lexicon/l2_surface_hot_ru.txt	phase_surface_accept_completion_22
generated:0220:phase_surface_accept_completion_22		абсу 	абсу 	keep	0	data/lexicon/l2_surface_hot_ru.txt	phase_surface_accept_completion_22
generated:0220:phase_surface_accept_completion_22		абсу 	f,ce 	layout	0	data/lexicon/l2_surface_hot_ru.txt	phase_surface_accept_completion_22
generated:0220:phase_surface_accept_completion_22		абсу 	абсу	glue	0	data/lexicon/l2_surface_hot_ru.txt	phase_surface_accept_completion_22
generated:0221:phase_surface_accept_completion_23		абсц 	абсцесс 	accept_completion	1	data/lexicon/l2_surface_hot_ru.txt	phase_surface_accept_completion_23
generated:0221:phase_surface_accept_completion_23		абсц 	абсц 	keep	0	data/lexicon/l2_surface_hot_ru.txt	phase_surface_accept_completion_23
generated:0221:phase_surface_accept_completion_23		абсц 	f,cw 	layout	0	data/lexicon/l2_surface_hot_ru.txt	phase_surface_accept_completion_23
generated:0221:phase_surface_accept_completion_23		абсц 	абсц	glue	0	data/lexicon/l2_surface_hot_ru.txt	phase_surface_accept_completion_23
generated:0222:phase_surface_composite_typo_00		аабеур 	абажур 	composite_typo	1	data/lexicon/l2_surface_hot_ru.txt	phase_surface_composite_typo_00
generated:0222:phase_surface_composite_typo_00		аабеур 	аабеур 	keep	0	data/lexicon/l2_surface_hot_ru.txt	phase_surface_composite_typo_00
generated:0222:phase_surface_composite_typo_00		аабеур 	ff,teh 	layout	0	data/lexicon/l2_surface_hot_ru.txt	phase_surface_composite_typo_00
generated:0222:phase_surface_composite_typo_00		аабеур 	аабеур	glue	0	data/lexicon/l2_surface_hot_ru.txt	phase_surface_composite_typo_00
generated:0223:phase_surface_composite_typo_01		абзаен 	абазин 	composite_typo	1	data/lexicon/l2_surface_hot_ru.txt	phase_surface_composite_typo_01
generated:0223:phase_surface_composite_typo_01		абзаен 	абзаен 	keep	0	data/lexicon/l2_surface_hot_ru.txt	phase_surface_composite_typo_01
generated:0223:phase_surface_composite_typo_01		абзаен 	f,pfty 	layout	0	data/lexicon/l2_surface_hot_ru.txt	phase_surface_composite_typo_01
generated:0223:phase_surface_composite_typo_01		абзаен 	абзаен	glue	0	data/lexicon/l2_surface_hot_ru.txt	phase_surface_composite_typo_01
generated:0224:phase_surface_composite_typo_02		абаиея 	абазия 	composite_typo	1	data/lexicon/l2_surface_hot_ru.txt	phase_surface_composite_typo_02
generated:0224:phase_surface_composite_typo_02		абаиея 	абаиея 	keep	0	data/lexicon/l2_surface_hot_ru.txt	phase_surface_composite_typo_02
generated:0224:phase_surface_composite_typo_02		абаиея 	f,fbtz 	layout	0	data/lexicon/l2_surface_hot_ru.txt	phase_surface_composite_typo_02
generated:0224:phase_surface_composite_typo_02		абаиея 	абаиея	glue	0	data/lexicon/l2_surface_hot_ru.txt	phase_surface_composite_typo_02
generated:0225:phase_surface_composite_typo_03		аабеан 	абакан 	composite_typo	1	data/lexicon/l2_surface_hot_ru.txt	phase_surface_composite_typo_03
generated:0225:phase_surface_composite_typo_03		аабеан 	аабеан 	keep	0	data/lexicon/l2_surface_hot_ru.txt	phase_surface_composite_typo_03
generated:0225:phase_surface_composite_typo_03		аабеан 	ff,tfy 	layout	0	data/lexicon/l2_surface_hot_ru.txt	phase_surface_composite_typo_03
generated:0225:phase_surface_composite_typo_03		аабеан 	аабеан	glue	0	data/lexicon/l2_surface_hot_ru.txt	phase_surface_composite_typo_03
generated:0226:phase_surface_composite_typo_04		адбемен 	абдомен 	composite_typo	1	data/lexicon/l2_surface_hot_ru.txt	phase_surface_composite_typo_04
generated:0226:phase_surface_composite_typo_04		адбемен 	адбемен 	keep	0	data/lexicon/l2_surface_hot_ru.txt	phase_surface_composite_typo_04
generated:0226:phase_surface_composite_typo_04		адбемен 	fl,tvty 	layout	0	data/lexicon/l2_surface_hot_ru.txt	phase_surface_composite_typo_04
generated:0226:phase_surface_composite_typo_04		адбемен 	адбемен	glue	0	data/lexicon/l2_surface_hot_ru.txt	phase_surface_composite_typo_04
generated:0227:phase_surface_composite_typo_05		абееев 	абелев 	composite_typo	1	data/lexicon/l2_surface_hot_ru.txt	phase_surface_composite_typo_05
generated:0227:phase_surface_composite_typo_05		абееев 	абееев 	keep	0	data/lexicon/l2_surface_hot_ru.txt	phase_surface_composite_typo_05
generated:0227:phase_surface_composite_typo_05		абееев 	f,tttd 	layout	0	data/lexicon/l2_surface_hot_ru.txt	phase_surface_composite_typo_05
generated:0227:phase_surface_composite_typo_05		абееев 	абееев	glue	0	data/lexicon/l2_surface_hot_ru.txt	phase_surface_composite_typo_05
generated:0228:phase_surface_composite_typo_06		абедрен 	абердин 	composite_typo	1	data/lexicon/l2_surface_hot_ru.txt	phase_surface_composite_typo_06
generated:0228:phase_surface_composite_typo_06		абедрен 	абедрен 	keep	0	data/lexicon/l2_surface_hot_ru.txt	phase_surface_composite_typo_06
generated:0228:phase_surface_composite_typo_06		абедрен 	f,tlhty 	layout	0	data/lexicon/l2_surface_hot_ru.txt	phase_surface_composite_typo_06
generated:0228:phase_surface_composite_typo_06		абедрен 	абедрен	glue	0	data/lexicon/l2_surface_hot_ru.txt	phase_surface_composite_typo_06
generated:0229:phase_surface_composite_typo_07		абзаеев 	абзацев 	composite_typo	1	data/lexicon/l2_surface_hot_ru.txt	phase_surface_composite_typo_07
generated:0229:phase_surface_composite_typo_07		абзаеев 	абзаеев 	keep	0	data/lexicon/l2_surface_hot_ru.txt	phase_surface_composite_typo_07
generated:0229:phase_surface_composite_typo_07		абзаеев 	f,pfttd 	layout	0	data/lexicon/l2_surface_hot_ru.txt	phase_surface_composite_typo_07
generated:0229:phase_surface_composite_typo_07		абзаеев 	абзаеев	glue	0	data/lexicon/l2_surface_hot_ru.txt	phase_surface_composite_typo_07
generated:0230:phase_surface_composite_typo_08		азбецем 	абзацем 	composite_typo	1	data/lexicon/l2_surface_hot_ru.txt	phase_surface_composite_typo_08
generated:0230:phase_surface_composite_typo_08		азбецем 	азбецем 	keep	0	data/lexicon/l2_surface_hot_ru.txt	phase_surface_composite_typo_08
generated:0230:phase_surface_composite_typo_08		азбецем 	fp,twtv 	layout	0	data/lexicon/l2_surface_hot_ru.txt	phase_surface_composite_typo_08
generated:0230:phase_surface_composite_typo_08		азбецем 	азбецем	glue	0	data/lexicon/l2_surface_hot_ru.txt	phase_surface_composite_typo_08
generated:0231:phase_surface_composite_typo_09		абдиеан 	абиджан 	composite_typo	1	data/lexicon/l2_surface_hot_ru.txt	phase_surface_composite_typo_09
generated:0231:phase_surface_composite_typo_09		абдиеан 	абдиеан 	keep	0	data/lexicon/l2_surface_hot_ru.txt	phase_surface_composite_typo_09
generated:0231:phase_surface_composite_typo_09		абдиеан 	f,lbtfy 	layout	0	data/lexicon/l2_surface_hot_ru.txt	phase_surface_composite_typo_09
generated:0231:phase_surface_composite_typo_09		абдиеан 	абдиеан	glue	0	data/lexicon/l2_surface_hot_ru.txt	phase_surface_composite_typo_09
generated:0232:phase_surface_composite_typo_10		абитеен 	абиетин 	composite_typo	1	data/lexicon/l2_surface_hot_ru.txt	phase_surface_composite_typo_10
generated:0232:phase_surface_composite_typo_10		абитеен 	абитеен 	keep	0	data/lexicon/l2_surface_hot_ru.txt	phase_surface_composite_typo_10
generated:0232:phase_surface_composite_typo_10		абитеен 	f,bntty 	layout	0	data/lexicon/l2_surface_hot_ru.txt	phase_surface_composite_typo_10
generated:0232:phase_surface_composite_typo_10		абитеен 	абитеен	glue	0	data/lexicon/l2_surface_hot_ru.txt	phase_surface_composite_typo_10
generated:0233:phase_surface_composite_typo_11		абисек 	абинск 	composite_typo	1	data/lexicon/l2_surface_hot_ru.txt	phase_surface_composite_typo_11
generated:0233:phase_surface_composite_typo_11		абисек 	абисек 	keep	0	data/lexicon/l2_surface_hot_ru.txt	phase_surface_composite_typo_11
generated:0233:phase_surface_composite_typo_11		абисек 	f,bctr 	layout	0	data/lexicon/l2_surface_hot_ru.txt	phase_surface_composite_typo_11
generated:0233:phase_surface_composite_typo_11		абисек 	абисек	glue	0	data/lexicon/l2_surface_hot_ru.txt	phase_surface_composite_typo_11
generated:0234:phase_surface_composite_typo_12		албетив 	аблятив 	composite_typo	1	data/lexicon/l2_surface_hot_ru.txt	phase_surface_composite_typo_12
generated:0234:phase_surface_composite_typo_12		албетив 	албетив 	keep	0	data/lexicon/l2_surface_hot_ru.txt	phase_surface_composite_typo_12
generated:0234:phase_surface_composite_typo_12		албетив 	fk,tnbd 	layout	0	data/lexicon/l2_surface_hot_ru.txt	phase_surface_composite_typo_12
generated:0234:phase_surface_composite_typo_12		албетив 	албетив	glue	0	data/lexicon/l2_surface_hot_ru.txt	phase_surface_composite_typo_12
generated:0235:phase_surface_composite_typo_13		абялеия 	абляция 	composite_typo	1	data/lexicon/l2_surface_hot_ru.txt	phase_surface_composite_typo_13
generated:0235:phase_surface_composite_typo_13		абялеия 	абялеия 	keep	0	data/lexicon/l2_surface_hot_ru.txt	phase_surface_composite_typo_13
generated:0235:phase_surface_composite_typo_13		абялеия 	f,zktbz 	layout	0	data/lexicon/l2_surface_hot_ru.txt	phase_surface_composite_typo_13
generated:0235:phase_surface_composite_typo_13		абялеия 	абялеия	glue	0	data/lexicon/l2_surface_hot_ru.txt	phase_surface_composite_typo_13
generated:0236:phase_surface_composite_typo_14		абоенет 	абонент 	composite_typo	1	data/lexicon/l2_surface_hot_ru.txt	phase_surface_composite_typo_14
generated:0236:phase_surface_composite_typo_14		абоенет 	абоенет 	keep	0	data/lexicon/l2_surface_hot_ru.txt	phase_surface_composite_typo_14
generated:0236:phase_surface_composite_typo_14		абоенет 	f,jtytn 	layout	0	data/lexicon/l2_surface_hot_ru.txt	phase_surface_composite_typo_14
generated:0236:phase_surface_composite_typo_14		абоенет 	абоенет	glue	0	data/lexicon/l2_surface_hot_ru.txt	phase_surface_composite_typo_14
generated:0237:phase_surface_composite_typo_15		абораеж 	абордаж 	composite_typo	1	data/lexicon/l2_surface_hot_ru.txt	phase_surface_composite_typo_15
generated:0237:phase_surface_composite_typo_15		абораеж 	абораеж 	keep	0	data/lexicon/l2_surface_hot_ru.txt	phase_surface_composite_typo_15
generated:0237:phase_surface_composite_typo_15		абораеж 	f,jhft; 	layout	0	data/lexicon/l2_surface_hot_ru.txt	phase_surface_composite_typo_15
generated:0237:phase_surface_composite_typo_15		абораеж 	абораеж	glue	0	data/lexicon/l2_surface_hot_ru.txt	phase_surface_composite_typo_15
generated:0238:phase_surface_composite_typo_16		арбезив 	абразив 	composite_typo	1	data/lexicon/l2_surface_hot_ru.txt	phase_surface_composite_typo_16
generated:0238:phase_surface_composite_typo_16		арбезив 	арбезив 	keep	0	data/lexicon/l2_surface_hot_ru.txt	phase_surface_composite_typo_16
generated:0238:phase_surface_composite_typo_16		арбезив 	fh,tpbd 	layout	0	data/lexicon/l2_surface_hot_ru.txt	phase_surface_composite_typo_16
generated:0238:phase_surface_composite_typo_16		арбезив 	арбезив	glue	0	data/lexicon/l2_surface_hot_ru.txt	phase_surface_composite_typo_16
generated:0239:phase_surface_composite_typo_17		абареия 	абразия 	composite_typo	1	data/lexicon/l2_surface_hot_ru.txt	phase_surface_composite_typo_17
generated:0239:phase_surface_composite_typo_17		абареия 	абареия 	keep	0	data/lexicon/l2_surface_hot_ru.txt	phase_surface_composite_typo_17
generated:0239:phase_surface_composite_typo_17		абареия 	f,fhtbz 	layout	0	data/lexicon/l2_surface_hot_ru.txt	phase_surface_composite_typo_17
generated:0239:phase_surface_composite_typo_17		абареия 	абареия	glue	0	data/lexicon/l2_surface_hot_ru.txt	phase_surface_composite_typo_17
generated:0240:phase_surface_composite_typo_18		арбиже 	абреже 	composite_typo	1	data/lexicon/l2_surface_hot_ru.txt	phase_surface_composite_typo_18
generated:0240:phase_surface_composite_typo_18		арбиже 	арбиже 	keep	0	data/lexicon/l2_surface_hot_ru.txt	phase_surface_composite_typo_18
generated:0240:phase_surface_composite_typo_18		арбиже 	fh,b;t 	layout	0	data/lexicon/l2_surface_hot_ru.txt	phase_surface_composite_typo_18
generated:0240:phase_surface_composite_typo_18		арбиже 	арбиже	glue	0	data/lexicon/l2_surface_hot_ru.txt	phase_surface_composite_typo_18
generated:0241:phase_surface_composite_typo_19		абриоес 	абрикос 	composite_typo	1	data/lexicon/l2_surface_hot_ru.txt	phase_surface_composite_typo_19
generated:0241:phase_surface_composite_typo_19		абриоес 	абриоес 	keep	0	data/lexicon/l2_surface_hot_ru.txt	phase_surface_composite_typo_19
generated:0241:phase_surface_composite_typo_19		абриоес 	f,hbjtc 	layout	0	data/lexicon/l2_surface_hot_ru.txt	phase_surface_composite_typo_19
generated:0241:phase_surface_composite_typo_19		абриоес 	абриоес	glue	0	data/lexicon/l2_surface_hot_ru.txt	phase_surface_composite_typo_19
generated:0242:phase_surface_composite_typo_20		абснит 	абсент 	composite_typo	1	data/lexicon/l2_surface_hot_ru.txt	phase_surface_composite_typo_20
generated:0242:phase_surface_composite_typo_20		абснит 	абснит 	keep	0	data/lexicon/l2_surface_hot_ru.txt	phase_surface_composite_typo_20
generated:0242:phase_surface_composite_typo_20		абснит 	f,cybn 	layout	0	data/lexicon/l2_surface_hot_ru.txt	phase_surface_composite_typo_20
generated:0242:phase_surface_composite_typo_20		абснит 	абснит	glue	0	data/lexicon/l2_surface_hot_ru.txt	phase_surface_composite_typo_20
generated:0243:phase_surface_composite_typo_21		абосеют 	абсолют 	composite_typo	1	data/lexicon/l2_surface_hot_ru.txt	phase_surface_composite_typo_21
generated:0243:phase_surface_composite_typo_21		абосеют 	абосеют 	keep	0	data/lexicon/l2_surface_hot_ru.txt	phase_surface_composite_typo_21
generated:0243:phase_surface_composite_typo_21		абосеют 	f,jct.n 	layout	0	data/lexicon/l2_surface_hot_ru.txt	phase_surface_composite_typo_21
generated:0243:phase_surface_composite_typo_21		абосеют 	абосеют	glue	0	data/lexicon/l2_surface_hot_ru.txt	phase_surface_composite_typo_21
generated:0244:phase_surface_composite_typo_22		абусед 	абсурд 	composite_typo	1	data/lexicon/l2_surface_hot_ru.txt	phase_surface_composite_typo_22
generated:0244:phase_surface_composite_typo_22		абусед 	абусед 	keep	0	data/lexicon/l2_surface_hot_ru.txt	phase_surface_composite_typo_22
generated:0244:phase_surface_composite_typo_22		абусед 	f,ectl 	layout	0	data/lexicon/l2_surface_hot_ru.txt	phase_surface_composite_typo_22
generated:0244:phase_surface_composite_typo_22		абусед 	абусед	glue	0	data/lexicon/l2_surface_hot_ru.txt	phase_surface_composite_typo_22
generated:0245:phase_surface_composite_typo_23		абсцсис 	абсцесс 	composite_typo	1	data/lexicon/l2_surface_hot_ru.txt	phase_surface_composite_typo_23
generated:0245:phase_surface_composite_typo_23		абсцсис 	абсцсис 	keep	0	data/lexicon/l2_surface_hot_ru.txt	phase_surface_composite_typo_23
generated:0245:phase_surface_composite_typo_23		абсцсис 	f,cwcbc 	layout	0	data/lexicon/l2_surface_hot_ru.txt	phase_surface_composite_typo_23
generated:0245:phase_surface_composite_typo_23		абсцсис 	абсцсис	glue	0	data/lexicon/l2_surface_hot_ru.txt	phase_surface_composite_typo_23
generated:0246:phase_surface_layout_projection_00		f,f;eh 	абажур 	layout_projection	1	data/lexicon/l2_surface_hot_ru.txt	phase_surface_layout_projection_00
generated:0246:phase_surface_layout_projection_00		f,f;eh 	f,f;eh 	keep	0	data/lexicon/l2_surface_hot_ru.txt	phase_surface_layout_projection_00
generated:0246:phase_surface_layout_projection_00		f,f;eh 	f?f$eh 	layout	0	data/lexicon/l2_surface_hot_ru.txt	phase_surface_layout_projection_00
generated:0246:phase_surface_layout_projection_00		f,f;eh 	f,f;eh	glue	0	data/lexicon/l2_surface_hot_ru.txt	phase_surface_layout_projection_00
generated:0247:phase_surface_layout_projection_01		f,fpby 	абазин 	layout_projection	1	data/lexicon/l2_surface_hot_ru.txt	phase_surface_layout_projection_01
generated:0247:phase_surface_layout_projection_01		f,fpby 	f,fpby 	keep	0	data/lexicon/l2_surface_hot_ru.txt	phase_surface_layout_projection_01
generated:0247:phase_surface_layout_projection_01		f,fpby 	f?fpby 	layout	0	data/lexicon/l2_surface_hot_ru.txt	phase_surface_layout_projection_01
generated:0247:phase_surface_layout_projection_01		f,fpby 	f,fpby	glue	0	data/lexicon/l2_surface_hot_ru.txt	phase_surface_layout_projection_01
generated:0248:phase_surface_layout_projection_02		f,fpbz 	абазия 	layout_projection	1	data/lexicon/l2_surface_hot_ru.txt	phase_surface_layout_projection_02
generated:0248:phase_surface_layout_projection_02		f,fpbz 	f,fpbz 	keep	0	data/lexicon/l2_surface_hot_ru.txt	phase_surface_layout_projection_02
generated:0248:phase_surface_layout_projection_02		f,fpbz 	f?fpbz 	layout	0	data/lexicon/l2_surface_hot_ru.txt	phase_surface_layout_projection_02
generated:0248:phase_surface_layout_projection_02		f,fpbz 	f,fpbz	glue	0	data/lexicon/l2_surface_hot_ru.txt	phase_surface_layout_projection_02
generated:0249:phase_surface_layout_projection_03		f,frfy 	абакан 	layout_projection	1	data/lexicon/l2_surface_hot_ru.txt	phase_surface_layout_projection_03
generated:0249:phase_surface_layout_projection_03		f,frfy 	f,frfy 	keep	0	data/lexicon/l2_surface_hot_ru.txt	phase_surface_layout_projection_03
generated:0249:phase_surface_layout_projection_03		f,frfy 	f?frfy 	layout	0	data/lexicon/l2_surface_hot_ru.txt	phase_surface_layout_projection_03
generated:0249:phase_surface_layout_projection_03		f,frfy 	f,frfy	glue	0	data/lexicon/l2_surface_hot_ru.txt	phase_surface_layout_projection_03
generated:0250:phase_surface_layout_projection_04		f,ljvty 	абдомен 	layout_projection	1	data/lexicon/l2_surface_hot_ru.txt	phase_surface_layout_projection_04
generated:0250:phase_surface_layout_projection_04		f,ljvty 	f,ljvty 	keep	0	data/lexicon/l2_surface_hot_ru.txt	phase_surface_layout_projection_04
generated:0250:phase_surface_layout_projection_04		f,ljvty 	f?ljvty 	layout	0	data/lexicon/l2_surface_hot_ru.txt	phase_surface_layout_projection_04
generated:0250:phase_surface_layout_projection_04		f,ljvty 	f,ljvty	glue	0	data/lexicon/l2_surface_hot_ru.txt	phase_surface_layout_projection_04
generated:0251:phase_surface_layout_projection_05		f,tktd 	абелев 	layout_projection	1	data/lexicon/l2_surface_hot_ru.txt	phase_surface_layout_projection_05
generated:0251:phase_surface_layout_projection_05		f,tktd 	f,tktd 	keep	0	data/lexicon/l2_surface_hot_ru.txt	phase_surface_layout_projection_05
generated:0251:phase_surface_layout_projection_05		f,tktd 	f?tktd 	layout	0	data/lexicon/l2_surface_hot_ru.txt	phase_surface_layout_projection_05
generated:0251:phase_surface_layout_projection_05		f,tktd 	f,tktd	glue	0	data/lexicon/l2_surface_hot_ru.txt	phase_surface_layout_projection_05
generated:0252:phase_surface_layout_projection_06		f,thlby 	абердин 	layout_projection	1	data/lexicon/l2_surface_hot_ru.txt	phase_surface_layout_projection_06
generated:0252:phase_surface_layout_projection_06		f,thlby 	f,thlby 	keep	0	data/lexicon/l2_surface_hot_ru.txt	phase_surface_layout_projection_06
generated:0252:phase_surface_layout_projection_06		f,thlby 	f?thlby 	layout	0	data/lexicon/l2_surface_hot_ru.txt	phase_surface_layout_projection_06
generated:0252:phase_surface_layout_projection_06		f,thlby 	f,thlby	glue	0	data/lexicon/l2_surface_hot_ru.txt	phase_surface_layout_projection_06
generated:0253:phase_surface_layout_projection_07		f,pfwtd 	абзацев 	layout_projection	1	data/lexicon/l2_surface_hot_ru.txt	phase_surface_layout_projection_07
generated:0253:phase_surface_layout_projection_07		f,pfwtd 	f,pfwtd 	keep	0	data/lexicon/l2_surface_hot_ru.txt	phase_surface_layout_projection_07
generated:0253:phase_surface_layout_projection_07		f,pfwtd 	f?pfwtd 	layout	0	data/lexicon/l2_surface_hot_ru.txt	phase_surface_layout_projection_07
generated:0253:phase_surface_layout_projection_07		f,pfwtd 	f,pfwtd	glue	0	data/lexicon/l2_surface_hot_ru.txt	phase_surface_layout_projection_07
generated:0254:phase_surface_layout_projection_08		f,pfwtv 	абзацем 	layout_projection	1	data/lexicon/l2_surface_hot_ru.txt	phase_surface_layout_projection_08
generated:0254:phase_surface_layout_projection_08		f,pfwtv 	f,pfwtv 	keep	0	data/lexicon/l2_surface_hot_ru.txt	phase_surface_layout_projection_08
generated:0254:phase_surface_layout_projection_08		f,pfwtv 	f?pfwtv 	layout	0	data/lexicon/l2_surface_hot_ru.txt	phase_surface_layout_projection_08
generated:0254:phase_surface_layout_projection_08		f,pfwtv 	f,pfwtv	glue	0	data/lexicon/l2_surface_hot_ru.txt	phase_surface_layout_projection_08
generated:0255:phase_surface_layout_projection_09		f,bl;fy 	абиджан 	layout_projection	1	data/lexicon/l2_surface_hot_ru.txt	phase_surface_layout_projection_09
generated:0255:phase_surface_layout_projection_09		f,bl;fy 	f,bl;fy 	keep	0	data/lexicon/l2_surface_hot_ru.txt	phase_surface_layout_projection_09
generated:0255:phase_surface_layout_projection_09		f,bl;fy 	f?bl$fy 	layout	0	data/lexicon/l2_surface_hot_ru.txt	phase_surface_layout_projection_09
generated:0255:phase_surface_layout_projection_09		f,bl;fy 	f,bl;fy	glue	0	data/lexicon/l2_surface_hot_ru.txt	phase_surface_layout_projection_09
generated:0256:phase_surface_layout_projection_10		f,btnby 	абиетин 	layout_projection	1	data/lexicon/l2_surface_hot_ru.txt	phase_surface_layout_projection_10
generated:0256:phase_surface_layout_projection_10		f,btnby 	f,btnby 	keep	0	data/lexicon/l2_surface_hot_ru.txt	phase_surface_layout_projection_10
generated:0256:phase_surface_layout_projection_10		f,btnby 	f?btnby 	layout	0	data/lexicon/l2_surface_hot_ru.txt	phase_surface_layout_projection_10
generated:0256:phase_surface_layout_projection_10		f,btnby 	f,btnby	glue	0	data/lexicon/l2_surface_hot_ru.txt	phase_surface_layout_projection_10
generated:0257:phase_surface_layout_projection_11		f,bycr 	абинск 	layout_projection	1	data/lexicon/l2_surface_hot_ru.txt	phase_surface_layout_projection_11
generated:0257:phase_surface_layout_projection_11		f,bycr 	f,bycr 	keep	0	data/lexicon/l2_surface_hot_ru.txt	phase_surface_layout_projection_11
generated:0257:phase_surface_layout_projection_11		f,bycr 	f?bycr 	layout	0	data/lexicon/l2_surface_hot_ru.txt	phase_surface_layout_projection_11
generated:0257:phase_surface_layout_projection_11		f,bycr 	f,bycr	glue	0	data/lexicon/l2_surface_hot_ru.txt	phase_surface_layout_projection_11
generated:0258:phase_surface_layout_projection_12		f,kznbd 	аблятив 	layout_projection	1	data/lexicon/l2_surface_hot_ru.txt	phase_surface_layout_projection_12
generated:0258:phase_surface_layout_projection_12		f,kznbd 	f,kznbd 	keep	0	data/lexicon/l2_surface_hot_ru.txt	phase_surface_layout_projection_12
generated:0258:phase_surface_layout_projection_12		f,kznbd 	f?kznbd 	layout	0	data/lexicon/l2_surface_hot_ru.txt	phase_surface_layout_projection_12
generated:0258:phase_surface_layout_projection_12		f,kznbd 	f,kznbd	glue	0	data/lexicon/l2_surface_hot_ru.txt	phase_surface_layout_projection_12
generated:0259:phase_surface_layout_projection_13		f,kzwbz 	абляция 	layout_projection	1	data/lexicon/l2_surface_hot_ru.txt	phase_surface_layout_projection_13
generated:0259:phase_surface_layout_projection_13		f,kzwbz 	f,kzwbz 	keep	0	data/lexicon/l2_surface_hot_ru.txt	phase_surface_layout_projection_13
generated:0259:phase_surface_layout_projection_13		f,kzwbz 	f?kzwbz 	layout	0	data/lexicon/l2_surface_hot_ru.txt	phase_surface_layout_projection_13
generated:0259:phase_surface_layout_projection_13		f,kzwbz 	f,kzwbz	glue	0	data/lexicon/l2_surface_hot_ru.txt	phase_surface_layout_projection_13
generated:0260:phase_surface_layout_projection_14		f,jytyn 	абонент 	layout_projection	1	data/lexicon/l2_surface_hot_ru.txt	phase_surface_layout_projection_14
generated:0260:phase_surface_layout_projection_14		f,jytyn 	f,jytyn 	keep	0	data/lexicon/l2_surface_hot_ru.txt	phase_surface_layout_projection_14
generated:0260:phase_surface_layout_projection_14		f,jytyn 	f?jytyn 	layout	0	data/lexicon/l2_surface_hot_ru.txt	phase_surface_layout_projection_14
generated:0260:phase_surface_layout_projection_14		f,jytyn 	f,jytyn	glue	0	data/lexicon/l2_surface_hot_ru.txt	phase_surface_layout_projection_14
generated:0261:phase_surface_layout_projection_15		f,jhlf; 	абордаж 	layout_projection	1	data/lexicon/l2_surface_hot_ru.txt	phase_surface_layout_projection_15
generated:0261:phase_surface_layout_projection_15		f,jhlf; 	f,jhlf; 	keep	0	data/lexicon/l2_surface_hot_ru.txt	phase_surface_layout_projection_15
generated:0261:phase_surface_layout_projection_15		f,jhlf; 	f?jhlf$ 	layout	0	data/lexicon/l2_surface_hot_ru.txt	phase_surface_layout_projection_15
generated:0261:phase_surface_layout_projection_15		f,jhlf; 	f,jhlf;	glue	0	data/lexicon/l2_surface_hot_ru.txt	phase_surface_layout_projection_15
generated:0262:phase_surface_layout_projection_16		f,hfpbd 	абразив 	layout_projection	1	data/lexicon/l2_surface_hot_ru.txt	phase_surface_layout_projection_16
generated:0262:phase_surface_layout_projection_16		f,hfpbd 	f,hfpbd 	keep	0	data/lexicon/l2_surface_hot_ru.txt	phase_surface_layout_projection_16
generated:0262:phase_surface_layout_projection_16		f,hfpbd 	f?hfpbd 	layout	0	data/lexicon/l2_surface_hot_ru.txt	phase_surface_layout_projection_16
generated:0262:phase_surface_layout_projection_16		f,hfpbd 	f,hfpbd	glue	0	data/lexicon/l2_surface_hot_ru.txt	phase_surface_layout_projection_16
generated:0263:phase_surface_layout_projection_17		f,hfpbz 	абразия 	layout_projection	1	data/lexicon/l2_surface_hot_ru.txt	phase_surface_layout_projection_17
generated:0263:phase_surface_layout_projection_17		f,hfpbz 	f,hfpbz 	keep	0	data/lexicon/l2_surface_hot_ru.txt	phase_surface_layout_projection_17
generated:0263:phase_surface_layout_projection_17		f,hfpbz 	f?hfpbz 	layout	0	data/lexicon/l2_surface_hot_ru.txt	phase_surface_layout_projection_17
generated:0263:phase_surface_layout_projection_17		f,hfpbz 	f,hfpbz	glue	0	data/lexicon/l2_surface_hot_ru.txt	phase_surface_layout_projection_17
generated:0264:phase_surface_layout_projection_18		f,ht;t 	абреже 	layout_projection	1	data/lexicon/l2_surface_hot_ru.txt	phase_surface_layout_projection_18
generated:0264:phase_surface_layout_projection_18		f,ht;t 	f,ht;t 	keep	0	data/lexicon/l2_surface_hot_ru.txt	phase_surface_layout_projection_18
generated:0264:phase_surface_layout_projection_18		f,ht;t 	f?ht$t 	layout	0	data/lexicon/l2_surface_hot_ru.txt	phase_surface_layout_projection_18
generated:0264:phase_surface_layout_projection_18		f,ht;t 	f,ht;t	glue	0	data/lexicon/l2_surface_hot_ru.txt	phase_surface_layout_projection_18
generated:0265:phase_surface_layout_projection_19		f,hbrjc 	абрикос 	layout_projection	1	data/lexicon/l2_surface_hot_ru.txt	phase_surface_layout_projection_19
generated:0265:phase_surface_layout_projection_19		f,hbrjc 	f,hbrjc 	keep	0	data/lexicon/l2_surface_hot_ru.txt	phase_surface_layout_projection_19
generated:0265:phase_surface_layout_projection_19		f,hbrjc 	f?hbrjc 	layout	0	data/lexicon/l2_surface_hot_ru.txt	phase_surface_layout_projection_19
generated:0265:phase_surface_layout_projection_19		f,hbrjc 	f,hbrjc	glue	0	data/lexicon/l2_surface_hot_ru.txt	phase_surface_layout_projection_19
generated:0266:phase_surface_layout_projection_20		f,ctyn 	абсент 	layout_projection	1	data/lexicon/l2_surface_hot_ru.txt	phase_surface_layout_projection_20
generated:0266:phase_surface_layout_projection_20		f,ctyn 	f,ctyn 	keep	0	data/lexicon/l2_surface_hot_ru.txt	phase_surface_layout_projection_20
generated:0266:phase_surface_layout_projection_20		f,ctyn 	f?ctyn 	layout	0	data/lexicon/l2_surface_hot_ru.txt	phase_surface_layout_projection_20
generated:0266:phase_surface_layout_projection_20		f,ctyn 	f,ctyn	glue	0	data/lexicon/l2_surface_hot_ru.txt	phase_surface_layout_projection_20
generated:0267:phase_surface_layout_projection_21		f,cjk.n 	абсолют 	layout_projection	1	data/lexicon/l2_surface_hot_ru.txt	phase_surface_layout_projection_21
generated:0267:phase_surface_layout_projection_21		f,cjk.n 	f,cjk.n 	keep	0	data/lexicon/l2_surface_hot_ru.txt	phase_surface_layout_projection_21
generated:0267:phase_surface_layout_projection_21		f,cjk.n 	f?cjk/n 	layout	0	data/lexicon/l2_surface_hot_ru.txt	phase_surface_layout_projection_21
generated:0267:phase_surface_layout_projection_21		f,cjk.n 	f,cjk.n	glue	0	data/lexicon/l2_surface_hot_ru.txt	phase_surface_layout_projection_21
generated:0268:phase_surface_layout_projection_22		f,cehl 	абсурд 	layout_projection	1	data/lexicon/l2_surface_hot_ru.txt	phase_surface_layout_projection_22
generated:0268:phase_surface_layout_projection_22		f,cehl 	f,cehl 	keep	0	data/lexicon/l2_surface_hot_ru.txt	phase_surface_layout_projection_22
generated:0268:phase_surface_layout_projection_22		f,cehl 	f?cehl 	layout	0	data/lexicon/l2_surface_hot_ru.txt	phase_surface_layout_projection_22
generated:0268:phase_surface_layout_projection_22		f,cehl 	f,cehl	glue	0	data/lexicon/l2_surface_hot_ru.txt	phase_surface_layout_projection_22
generated:0269:phase_surface_layout_projection_23		f,cwtcc 	абсцесс 	layout_projection	1	data/lexicon/l2_surface_hot_ru.txt	phase_surface_layout_projection_23
generated:0269:phase_surface_layout_projection_23		f,cwtcc 	f,cwtcc 	keep	0	data/lexicon/l2_surface_hot_ru.txt	phase_surface_layout_projection_23
generated:0269:phase_surface_layout_projection_23		f,cwtcc 	f?cwtcc 	layout	0	data/lexicon/l2_surface_hot_ru.txt	phase_surface_layout_projection_23
generated:0269:phase_surface_layout_projection_23		f,cwtcc 	f,cwtcc	glue	0	data/lexicon/l2_surface_hot_ru.txt	phase_surface_layout_projection_23
generated:0270:phase_surface_boundary_split_00		абажурабазин 	абажур абазин 	boundary_split	1	data/lexicon/l2_surface_hot_ru.txt	phase_surface_boundary_split_00
generated:0270:phase_surface_boundary_split_00		абажурабазин 	абажурабазин 	keep	0	data/lexicon/l2_surface_hot_ru.txt	phase_surface_boundary_split_00
generated:0270:phase_surface_boundary_split_00		абажурабазин 	f,f;ehf,fpby 	layout	0	data/lexicon/l2_surface_hot_ru.txt	phase_surface_boundary_split_00
generated:0270:phase_surface_boundary_split_00		абажурабазин 	абажурабазин	glue	0	data/lexicon/l2_surface_hot_ru.txt	phase_surface_boundary_split_00
generated:0271:phase_surface_boundary_merge_00		аба жур 	абажур 	boundary_merge	1	data/lexicon/l2_surface_hot_ru.txt	phase_surface_boundary_merge_00
generated:0271:phase_surface_boundary_merge_00		аба жур 	аба жур 	keep	0	data/lexicon/l2_surface_hot_ru.txt	phase_surface_boundary_merge_00
generated:0271:phase_surface_boundary_merge_00		аба жур 	f,f ;eh 	layout	0	data/lexicon/l2_surface_hot_ru.txt	phase_surface_boundary_merge_00
generated:0271:phase_surface_boundary_merge_00		аба жур 	абажур	glue	0	data/lexicon/l2_surface_hot_ru.txt	phase_surface_boundary_merge_00
generated:0272:phase_surface_context_choice_00		абазин аабеур 	абазин абажур 	context_choice	1	data/lexicon/l2_surface_hot_ru.txt	phase_surface_context_choice_00
generated:0272:phase_surface_context_choice_00		абазин аабеур 	абазин аабеур 	keep	0	data/lexicon/l2_surface_hot_ru.txt	phase_surface_context_choice_00
generated:0272:phase_surface_context_choice_00		абазин аабеур 	f,fpby ff,teh 	layout	0	data/lexicon/l2_surface_hot_ru.txt	phase_surface_context_choice_00
generated:0272:phase_surface_context_choice_00		абазин аабеур 	абазинаабеур	glue	0	data/lexicon/l2_surface_hot_ru.txt	phase_surface_context_choice_00
generated:0273:phase_surface_boundary_split_01		абазинабазия 	абазин абазия 	boundary_split	1	data/lexicon/l2_surface_hot_ru.txt	phase_surface_boundary_split_01
generated:0273:phase_surface_boundary_split_01		абазинабазия 	абазинабазия 	keep	0	data/lexicon/l2_surface_hot_ru.txt	phase_surface_boundary_split_01
generated:0273:phase_surface_boundary_split_01		абазинабазия 	f,fpbyf,fpbz 	layout	0	data/lexicon/l2_surface_hot_ru.txt	phase_surface_boundary_split_01
generated:0273:phase_surface_boundary_split_01		абазинабазия 	абазинабазия	glue	0	data/lexicon/l2_surface_hot_ru.txt	phase_surface_boundary_split_01
generated:0274:phase_surface_boundary_merge_01		аба зин 	абазин 	boundary_merge	1	data/lexicon/l2_surface_hot_ru.txt	phase_surface_boundary_merge_01
generated:0274:phase_surface_boundary_merge_01		аба зин 	аба зин 	keep	0	data/lexicon/l2_surface_hot_ru.txt	phase_surface_boundary_merge_01
generated:0274:phase_surface_boundary_merge_01		аба зин 	f,f pby 	layout	0	data/lexicon/l2_surface_hot_ru.txt	phase_surface_boundary_merge_01
generated:0274:phase_surface_boundary_merge_01		аба зин 	абазин	glue	0	data/lexicon/l2_surface_hot_ru.txt	phase_surface_boundary_merge_01
generated:0275:phase_surface_context_choice_01		абазия абзаен 	абазия абазин 	context_choice	1	data/lexicon/l2_surface_hot_ru.txt	phase_surface_context_choice_01
generated:0275:phase_surface_context_choice_01		абазия абзаен 	абазия абзаен 	keep	0	data/lexicon/l2_surface_hot_ru.txt	phase_surface_context_choice_01
generated:0275:phase_surface_context_choice_01		абазия абзаен 	f,fpbz f,pfty 	layout	0	data/lexicon/l2_surface_hot_ru.txt	phase_surface_context_choice_01
generated:0275:phase_surface_context_choice_01		абазия абзаен 	абазияабзаен	glue	0	data/lexicon/l2_surface_hot_ru.txt	phase_surface_context_choice_01
generated:0276:phase_surface_boundary_split_02		абазияабакан 	абазия абакан 	boundary_split	1	data/lexicon/l2_surface_hot_ru.txt	phase_surface_boundary_split_02
generated:0276:phase_surface_boundary_split_02		абазияабакан 	абазияабакан 	keep	0	data/lexicon/l2_surface_hot_ru.txt	phase_surface_boundary_split_02
generated:0276:phase_surface_boundary_split_02		абазияабакан 	f,fpbzf,frfy 	layout	0	data/lexicon/l2_surface_hot_ru.txt	phase_surface_boundary_split_02
generated:0276:phase_surface_boundary_split_02		абазияабакан 	абазияабакан	glue	0	data/lexicon/l2_surface_hot_ru.txt	phase_surface_boundary_split_02
generated:0277:phase_surface_boundary_merge_02		аба зия 	абазия 	boundary_merge	1	data/lexicon/l2_surface_hot_ru.txt	phase_surface_boundary_merge_02
generated:0277:phase_surface_boundary_merge_02		аба зия 	аба зия 	keep	0	data/lexicon/l2_surface_hot_ru.txt	phase_surface_boundary_merge_02
generated:0277:phase_surface_boundary_merge_02		аба зия 	f,f pbz 	layout	0	data/lexicon/l2_surface_hot_ru.txt	phase_surface_boundary_merge_02
generated:0277:phase_surface_boundary_merge_02		аба зия 	абазия	glue	0	data/lexicon/l2_surface_hot_ru.txt	phase_surface_boundary_merge_02
generated:0278:phase_surface_context_choice_02		абакан абаиея 	абакан абазия 	context_choice	1	data/lexicon/l2_surface_hot_ru.txt	phase_surface_context_choice_02
generated:0278:phase_surface_context_choice_02		абакан абаиея 	абакан абаиея 	keep	0	data/lexicon/l2_surface_hot_ru.txt	phase_surface_context_choice_02
generated:0278:phase_surface_context_choice_02		абакан абаиея 	f,frfy f,fbtz 	layout	0	data/lexicon/l2_surface_hot_ru.txt	phase_surface_context_choice_02
generated:0278:phase_surface_context_choice_02		абакан абаиея 	абаканабаиея	glue	0	data/lexicon/l2_surface_hot_ru.txt	phase_surface_context_choice_02
generated:0279:phase_surface_boundary_split_03		абаканабдомен 	абакан абдомен 	boundary_split	1	data/lexicon/l2_surface_hot_ru.txt	phase_surface_boundary_split_03
generated:0279:phase_surface_boundary_split_03		абаканабдомен 	абаканабдомен 	keep	0	data/lexicon/l2_surface_hot_ru.txt	phase_surface_boundary_split_03
generated:0279:phase_surface_boundary_split_03		абаканабдомен 	f,frfyf,ljvty 	layout	0	data/lexicon/l2_surface_hot_ru.txt	phase_surface_boundary_split_03
generated:0279:phase_surface_boundary_split_03		абаканабдомен 	абаканабдомен	glue	0	data/lexicon/l2_surface_hot_ru.txt	phase_surface_boundary_split_03
generated:0280:phase_surface_boundary_merge_03		аба кан 	абакан 	boundary_merge	1	data/lexicon/l2_surface_hot_ru.txt	phase_surface_boundary_merge_03
generated:0280:phase_surface_boundary_merge_03		аба кан 	аба кан 	keep	0	data/lexicon/l2_surface_hot_ru.txt	phase_surface_boundary_merge_03
generated:0280:phase_surface_boundary_merge_03		аба кан 	f,f rfy 	layout	0	data/lexicon/l2_surface_hot_ru.txt	phase_surface_boundary_merge_03
generated:0280:phase_surface_boundary_merge_03		аба кан 	абакан	glue	0	data/lexicon/l2_surface_hot_ru.txt	phase_surface_boundary_merge_03
generated:0281:phase_surface_context_choice_03		абдомен аабеан 	абдомен абакан 	context_choice	1	data/lexicon/l2_surface_hot_ru.txt	phase_surface_context_choice_03
generated:0281:phase_surface_context_choice_03		абдомен аабеан 	абдомен аабеан 	keep	0	data/lexicon/l2_surface_hot_ru.txt	phase_surface_context_choice_03
generated:0281:phase_surface_context_choice_03		абдомен аабеан 	f,ljvty ff,tfy 	layout	0	data/lexicon/l2_surface_hot_ru.txt	phase_surface_context_choice_03
generated:0281:phase_surface_context_choice_03		абдомен аабеан 	абдоменаабеан	glue	0	data/lexicon/l2_surface_hot_ru.txt	phase_surface_context_choice_03
generated:0282:phase_surface_boundary_split_04		абдоменабелев 	абдомен абелев 	boundary_split	1	data/lexicon/l2_surface_hot_ru.txt	phase_surface_boundary_split_04
generated:0282:phase_surface_boundary_split_04		абдоменабелев 	абдоменабелев 	keep	0	data/lexicon/l2_surface_hot_ru.txt	phase_surface_boundary_split_04
generated:0282:phase_surface_boundary_split_04		абдоменабелев 	f,ljvtyf,tktd 	layout	0	data/lexicon/l2_surface_hot_ru.txt	phase_surface_boundary_split_04
generated:0282:phase_surface_boundary_split_04		абдоменабелев 	абдоменабелев	glue	0	data/lexicon/l2_surface_hot_ru.txt	phase_surface_boundary_split_04
generated:0283:phase_surface_boundary_merge_04		абд омен 	абдомен 	boundary_merge	1	data/lexicon/l2_surface_hot_ru.txt	phase_surface_boundary_merge_04
generated:0283:phase_surface_boundary_merge_04		абд омен 	абд омен 	keep	0	data/lexicon/l2_surface_hot_ru.txt	phase_surface_boundary_merge_04
generated:0283:phase_surface_boundary_merge_04		абд омен 	f,l jvty 	layout	0	data/lexicon/l2_surface_hot_ru.txt	phase_surface_boundary_merge_04
generated:0283:phase_surface_boundary_merge_04		абд омен 	абдомен	glue	0	data/lexicon/l2_surface_hot_ru.txt	phase_surface_boundary_merge_04
generated:0284:phase_surface_context_choice_04		абелев адбемен 	абелев абдомен 	context_choice	1	data/lexicon/l2_surface_hot_ru.txt	phase_surface_context_choice_04
generated:0284:phase_surface_context_choice_04		абелев адбемен 	абелев адбемен 	keep	0	data/lexicon/l2_surface_hot_ru.txt	phase_surface_context_choice_04
generated:0284:phase_surface_context_choice_04		абелев адбемен 	f,tktd fl,tvty 	layout	0	data/lexicon/l2_surface_hot_ru.txt	phase_surface_context_choice_04
generated:0284:phase_surface_context_choice_04		абелев адбемен 	абелевадбемен	glue	0	data/lexicon/l2_surface_hot_ru.txt	phase_surface_context_choice_04
generated:0285:phase_surface_boundary_split_05		абелевабердин 	абелев абердин 	boundary_split	1	data/lexicon/l2_surface_hot_ru.txt	phase_surface_boundary_split_05
generated:0285:phase_surface_boundary_split_05		абелевабердин 	абелевабердин 	keep	0	data/lexicon/l2_surface_hot_ru.txt	phase_surface_boundary_split_05
generated:0285:phase_surface_boundary_split_05		абелевабердин 	f,tktdf,thlby 	layout	0	data/lexicon/l2_surface_hot_ru.txt	phase_surface_boundary_split_05
generated:0285:phase_surface_boundary_split_05		абелевабердин 	абелевабердин	glue	0	data/lexicon/l2_surface_hot_ru.txt	phase_surface_boundary_split_05
generated:0286:phase_surface_boundary_merge_05		абе лев 	абелев 	boundary_merge	1	data/lexicon/l2_surface_hot_ru.txt	phase_surface_boundary_merge_05
generated:0286:phase_surface_boundary_merge_05		абе лев 	абе лев 	keep	0	data/lexicon/l2_surface_hot_ru.txt	phase_surface_boundary_merge_05
generated:0286:phase_surface_boundary_merge_05		абе лев 	f,t ktd 	layout	0	data/lexicon/l2_surface_hot_ru.txt	phase_surface_boundary_merge_05
generated:0286:phase_surface_boundary_merge_05		абе лев 	абелев	glue	0	data/lexicon/l2_surface_hot_ru.txt	phase_surface_boundary_merge_05
generated:0287:phase_surface_context_choice_05		абердин абееев 	абердин абелев 	context_choice	1	data/lexicon/l2_surface_hot_ru.txt	phase_surface_context_choice_05
generated:0287:phase_surface_context_choice_05		абердин абееев 	абердин абееев 	keep	0	data/lexicon/l2_surface_hot_ru.txt	phase_surface_context_choice_05
generated:0287:phase_surface_context_choice_05		абердин абееев 	f,thlby f,tttd 	layout	0	data/lexicon/l2_surface_hot_ru.txt	phase_surface_context_choice_05
generated:0287:phase_surface_context_choice_05		абердин абееев 	абердинабееев	glue	0	data/lexicon/l2_surface_hot_ru.txt	phase_surface_context_choice_05
generated:0288:phase_surface_boundary_split_06		абердинабзацев 	абердин абзацев 	boundary_split	1	data/lexicon/l2_surface_hot_ru.txt	phase_surface_boundary_split_06
generated:0288:phase_surface_boundary_split_06		абердинабзацев 	абердинабзацев 	keep	0	data/lexicon/l2_surface_hot_ru.txt	phase_surface_boundary_split_06
generated:0288:phase_surface_boundary_split_06		абердинабзацев 	f,thlbyf,pfwtd 	layout	0	data/lexicon/l2_surface_hot_ru.txt	phase_surface_boundary_split_06
generated:0288:phase_surface_boundary_split_06		абердинабзацев 	абердинабзацев	glue	0	data/lexicon/l2_surface_hot_ru.txt	phase_surface_boundary_split_06
generated:0289:phase_surface_boundary_merge_06		абе рдин 	абердин 	boundary_merge	1	data/lexicon/l2_surface_hot_ru.txt	phase_surface_boundary_merge_06
generated:0289:phase_surface_boundary_merge_06		абе рдин 	абе рдин 	keep	0	data/lexicon/l2_surface_hot_ru.txt	phase_surface_boundary_merge_06
generated:0289:phase_surface_boundary_merge_06		абе рдин 	f,t hlby 	layout	0	data/lexicon/l2_surface_hot_ru.txt	phase_surface_boundary_merge_06
generated:0289:phase_surface_boundary_merge_06		абе рдин 	абердин	glue	0	data/lexicon/l2_surface_hot_ru.txt	phase_surface_boundary_merge_06
generated:0290:phase_surface_context_choice_06		абзацев абедрен 	абзацев абердин 	context_choice	1	data/lexicon/l2_surface_hot_ru.txt	phase_surface_context_choice_06
generated:0290:phase_surface_context_choice_06		абзацев абедрен 	абзацев абедрен 	keep	0	data/lexicon/l2_surface_hot_ru.txt	phase_surface_context_choice_06
generated:0290:phase_surface_context_choice_06		абзацев абедрен 	f,pfwtd f,tlhty 	layout	0	data/lexicon/l2_surface_hot_ru.txt	phase_surface_context_choice_06
generated:0290:phase_surface_context_choice_06		абзацев абедрен 	абзацевабедрен	glue	0	data/lexicon/l2_surface_hot_ru.txt	phase_surface_context_choice_06
generated:0291:phase_surface_boundary_split_07		абзацевабзацем 	абзацев абзацем 	boundary_split	1	data/lexicon/l2_surface_hot_ru.txt	phase_surface_boundary_split_07
generated:0291:phase_surface_boundary_split_07		абзацевабзацем 	абзацевабзацем 	keep	0	data/lexicon/l2_surface_hot_ru.txt	phase_surface_boundary_split_07
generated:0291:phase_surface_boundary_split_07		абзацевабзацем 	f,pfwtdf,pfwtv 	layout	0	data/lexicon/l2_surface_hot_ru.txt	phase_surface_boundary_split_07
generated:0291:phase_surface_boundary_split_07		абзацевабзацем 	абзацевабзацем	glue	0	data/lexicon/l2_surface_hot_ru.txt	phase_surface_boundary_split_07
generated:0292:phase_surface_boundary_merge_07		абз ацев 	абзацев 	boundary_merge	1	data/lexicon/l2_surface_hot_ru.txt	phase_surface_boundary_merge_07
generated:0292:phase_surface_boundary_merge_07		абз ацев 	абз ацев 	keep	0	data/lexicon/l2_surface_hot_ru.txt	phase_surface_boundary_merge_07
generated:0292:phase_surface_boundary_merge_07		абз ацев 	f,p fwtd 	layout	0	data/lexicon/l2_surface_hot_ru.txt	phase_surface_boundary_merge_07
generated:0292:phase_surface_boundary_merge_07		абз ацев 	абзацев	glue	0	data/lexicon/l2_surface_hot_ru.txt	phase_surface_boundary_merge_07
generated:0293:phase_surface_context_choice_07		абзацем абзаеев 	абзацем абзацев 	context_choice	1	data/lexicon/l2_surface_hot_ru.txt	phase_surface_context_choice_07
generated:0293:phase_surface_context_choice_07		абзацем абзаеев 	абзацем абзаеев 	keep	0	data/lexicon/l2_surface_hot_ru.txt	phase_surface_context_choice_07
generated:0293:phase_surface_context_choice_07		абзацем абзаеев 	f,pfwtv f,pfttd 	layout	0	data/lexicon/l2_surface_hot_ru.txt	phase_surface_context_choice_07
generated:0293:phase_surface_context_choice_07		абзацем абзаеев 	абзацемабзаеев	glue	0	data/lexicon/l2_surface_hot_ru.txt	phase_surface_context_choice_07
generated:0294:phase_surface_boundary_split_08		абзацемабиджан 	абзацем абиджан 	boundary_split	1	data/lexicon/l2_surface_hot_ru.txt	phase_surface_boundary_split_08
generated:0294:phase_surface_boundary_split_08		абзацемабиджан 	абзацемабиджан 	keep	0	data/lexicon/l2_surface_hot_ru.txt	phase_surface_boundary_split_08
generated:0294:phase_surface_boundary_split_08		абзацемабиджан 	f,pfwtvf,bl;fy 	layout	0	data/lexicon/l2_surface_hot_ru.txt	phase_surface_boundary_split_08
generated:0294:phase_surface_boundary_split_08		абзацемабиджан 	абзацемабиджан	glue	0	data/lexicon/l2_surface_hot_ru.txt	phase_surface_boundary_split_08
generated:0295:phase_surface_boundary_merge_08		абз ацем 	абзацем 	boundary_merge	1	data/lexicon/l2_surface_hot_ru.txt	phase_surface_boundary_merge_08
generated:0295:phase_surface_boundary_merge_08		абз ацем 	абз ацем 	keep	0	data/lexicon/l2_surface_hot_ru.txt	phase_surface_boundary_merge_08
generated:0295:phase_surface_boundary_merge_08		абз ацем 	f,p fwtv 	layout	0	data/lexicon/l2_surface_hot_ru.txt	phase_surface_boundary_merge_08
generated:0295:phase_surface_boundary_merge_08		абз ацем 	абзацем	glue	0	data/lexicon/l2_surface_hot_ru.txt	phase_surface_boundary_merge_08
generated:0296:phase_surface_context_choice_08		абиджан азбецем 	абиджан абзацем 	context_choice	1	data/lexicon/l2_surface_hot_ru.txt	phase_surface_context_choice_08
generated:0296:phase_surface_context_choice_08		абиджан азбецем 	абиджан азбецем 	keep	0	data/lexicon/l2_surface_hot_ru.txt	phase_surface_context_choice_08
generated:0296:phase_surface_context_choice_08		абиджан азбецем 	f,bl;fy fp,twtv 	layout	0	data/lexicon/l2_surface_hot_ru.txt	phase_surface_context_choice_08
generated:0296:phase_surface_context_choice_08		абиджан азбецем 	абиджаназбецем	glue	0	data/lexicon/l2_surface_hot_ru.txt	phase_surface_context_choice_08
generated:0297:phase_surface_boundary_split_09		абиджанабиетин 	абиджан абиетин 	boundary_split	1	data/lexicon/l2_surface_hot_ru.txt	phase_surface_boundary_split_09
generated:0297:phase_surface_boundary_split_09		абиджанабиетин 	абиджанабиетин 	keep	0	data/lexicon/l2_surface_hot_ru.txt	phase_surface_boundary_split_09
generated:0297:phase_surface_boundary_split_09		абиджанабиетин 	f,bl;fyf,btnby 	layout	0	data/lexicon/l2_surface_hot_ru.txt	phase_surface_boundary_split_09
generated:0297:phase_surface_boundary_split_09		абиджанабиетин 	абиджанабиетин	glue	0	data/lexicon/l2_surface_hot_ru.txt	phase_surface_boundary_split_09
generated:0298:phase_surface_boundary_merge_09		аби джан 	абиджан 	boundary_merge	1	data/lexicon/l2_surface_hot_ru.txt	phase_surface_boundary_merge_09
generated:0298:phase_surface_boundary_merge_09		аби джан 	аби джан 	keep	0	data/lexicon/l2_surface_hot_ru.txt	phase_surface_boundary_merge_09
generated:0298:phase_surface_boundary_merge_09		аби джан 	f,b l;fy 	layout	0	data/lexicon/l2_surface_hot_ru.txt	phase_surface_boundary_merge_09
generated:0298:phase_surface_boundary_merge_09		аби джан 	абиджан	glue	0	data/lexicon/l2_surface_hot_ru.txt	phase_surface_boundary_merge_09
generated:0299:phase_surface_context_choice_09		абиетин абдиеан 	абиетин абиджан 	context_choice	1	data/lexicon/l2_surface_hot_ru.txt	phase_surface_context_choice_09
generated:0299:phase_surface_context_choice_09		абиетин абдиеан 	абиетин абдиеан 	keep	0	data/lexicon/l2_surface_hot_ru.txt	phase_surface_context_choice_09
generated:0299:phase_surface_context_choice_09		абиетин абдиеан 	f,btnby f,lbtfy 	layout	0	data/lexicon/l2_surface_hot_ru.txt	phase_surface_context_choice_09
generated:0299:phase_surface_context_choice_09		абиетин абдиеан 	абиетинабдиеан	glue	0	data/lexicon/l2_surface_hot_ru.txt	phase_surface_context_choice_09
generated:0300:phase_surface_boundary_split_10		абиетинабинск 	абиетин абинск 	boundary_split	1	data/lexicon/l2_surface_hot_ru.txt	phase_surface_boundary_split_10
generated:0300:phase_surface_boundary_split_10		абиетинабинск 	абиетинабинск 	keep	0	data/lexicon/l2_surface_hot_ru.txt	phase_surface_boundary_split_10
generated:0300:phase_surface_boundary_split_10		абиетинабинск 	f,btnbyf,bycr 	layout	0	data/lexicon/l2_surface_hot_ru.txt	phase_surface_boundary_split_10
generated:0300:phase_surface_boundary_split_10		абиетинабинск 	абиетинабинск	glue	0	data/lexicon/l2_surface_hot_ru.txt	phase_surface_boundary_split_10
generated:0301:phase_surface_boundary_merge_10		аби етин 	абиетин 	boundary_merge	1	data/lexicon/l2_surface_hot_ru.txt	phase_surface_boundary_merge_10
generated:0301:phase_surface_boundary_merge_10		аби етин 	аби етин 	keep	0	data/lexicon/l2_surface_hot_ru.txt	phase_surface_boundary_merge_10
generated:0301:phase_surface_boundary_merge_10		аби етин 	f,b tnby 	layout	0	data/lexicon/l2_surface_hot_ru.txt	phase_surface_boundary_merge_10
generated:0301:phase_surface_boundary_merge_10		аби етин 	абиетин	glue	0	data/lexicon/l2_surface_hot_ru.txt	phase_surface_boundary_merge_10
generated:0302:phase_surface_context_choice_10		абинск абитеен 	абинск абиетин 	context_choice	1	data/lexicon/l2_surface_hot_ru.txt	phase_surface_context_choice_10
generated:0302:phase_surface_context_choice_10		абинск абитеен 	абинск абитеен 	keep	0	data/lexicon/l2_surface_hot_ru.txt	phase_surface_context_choice_10
generated:0302:phase_surface_context_choice_10		абинск абитеен 	f,bycr f,bntty 	layout	0	data/lexicon/l2_surface_hot_ru.txt	phase_surface_context_choice_10
generated:0302:phase_surface_context_choice_10		абинск абитеен 	абинскабитеен	glue	0	data/lexicon/l2_surface_hot_ru.txt	phase_surface_context_choice_10
generated:0303:phase_surface_boundary_split_11		абинскаблятив 	абинск аблятив 	boundary_split	1	data/lexicon/l2_surface_hot_ru.txt	phase_surface_boundary_split_11
generated:0303:phase_surface_boundary_split_11		абинскаблятив 	абинскаблятив 	keep	0	data/lexicon/l2_surface_hot_ru.txt	phase_surface_boundary_split_11
generated:0303:phase_surface_boundary_split_11		абинскаблятив 	f,bycrf,kznbd 	layout	0	data/lexicon/l2_surface_hot_ru.txt	phase_surface_boundary_split_11
generated:0303:phase_surface_boundary_split_11		абинскаблятив 	абинскаблятив	glue	0	data/lexicon/l2_surface_hot_ru.txt	phase_surface_boundary_split_11
generated:0304:phase_surface_boundary_merge_11		аби нск 	абинск 	boundary_merge	1	data/lexicon/l2_surface_hot_ru.txt	phase_surface_boundary_merge_11
generated:0304:phase_surface_boundary_merge_11		аби нск 	аби нск 	keep	0	data/lexicon/l2_surface_hot_ru.txt	phase_surface_boundary_merge_11
generated:0304:phase_surface_boundary_merge_11		аби нск 	f,b ycr 	layout	0	data/lexicon/l2_surface_hot_ru.txt	phase_surface_boundary_merge_11
generated:0304:phase_surface_boundary_merge_11		аби нск 	абинск	glue	0	data/lexicon/l2_surface_hot_ru.txt	phase_surface_boundary_merge_11
generated:0305:phase_surface_context_choice_11		аблятив абисек 	аблятив абинск 	context_choice	1	data/lexicon/l2_surface_hot_ru.txt	phase_surface_context_choice_11
generated:0305:phase_surface_context_choice_11		аблятив абисек 	аблятив абисек 	keep	0	data/lexicon/l2_surface_hot_ru.txt	phase_surface_context_choice_11
generated:0305:phase_surface_context_choice_11		аблятив абисек 	f,kznbd f,bctr 	layout	0	data/lexicon/l2_surface_hot_ru.txt	phase_surface_context_choice_11
generated:0305:phase_surface_context_choice_11		аблятив абисек 	аблятивабисек	glue	0	data/lexicon/l2_surface_hot_ru.txt	phase_surface_context_choice_11
generated:0306:phase_surface_boundary_split_12		аблятивабляция 	аблятив абляция 	boundary_split	1	data/lexicon/l2_surface_hot_ru.txt	phase_surface_boundary_split_12
generated:0306:phase_surface_boundary_split_12		аблятивабляция 	аблятивабляция 	keep	0	data/lexicon/l2_surface_hot_ru.txt	phase_surface_boundary_split_12
generated:0306:phase_surface_boundary_split_12		аблятивабляция 	f,kznbdf,kzwbz 	layout	0	data/lexicon/l2_surface_hot_ru.txt	phase_surface_boundary_split_12
generated:0306:phase_surface_boundary_split_12		аблятивабляция 	аблятивабляция	glue	0	data/lexicon/l2_surface_hot_ru.txt	phase_surface_boundary_split_12
generated:0307:phase_surface_boundary_merge_12		абл ятив 	аблятив 	boundary_merge	1	data/lexicon/l2_surface_hot_ru.txt	phase_surface_boundary_merge_12
generated:0307:phase_surface_boundary_merge_12		абл ятив 	абл ятив 	keep	0	data/lexicon/l2_surface_hot_ru.txt	phase_surface_boundary_merge_12
generated:0307:phase_surface_boundary_merge_12		абл ятив 	f,k znbd 	layout	0	data/lexicon/l2_surface_hot_ru.txt	phase_surface_boundary_merge_12
generated:0307:phase_surface_boundary_merge_12		абл ятив 	аблятив	glue	0	data/lexicon/l2_surface_hot_ru.txt	phase_surface_boundary_merge_12
generated:0308:phase_surface_context_choice_12		абляция албетив 	абляция аблятив 	context_choice	1	data/lexicon/l2_surface_hot_ru.txt	phase_surface_context_choice_12
generated:0308:phase_surface_context_choice_12		абляция албетив 	абляция албетив 	keep	0	data/lexicon/l2_surface_hot_ru.txt	phase_surface_context_choice_12
generated:0308:phase_surface_context_choice_12		абляция албетив 	f,kzwbz fk,tnbd 	layout	0	data/lexicon/l2_surface_hot_ru.txt	phase_surface_context_choice_12
generated:0308:phase_surface_context_choice_12		абляция албетив 	абляцияалбетив	glue	0	data/lexicon/l2_surface_hot_ru.txt	phase_surface_context_choice_12
generated:0309:phase_surface_boundary_split_13		абляцияабонент 	абляция абонент 	boundary_split	1	data/lexicon/l2_surface_hot_ru.txt	phase_surface_boundary_split_13
generated:0309:phase_surface_boundary_split_13		абляцияабонент 	абляцияабонент 	keep	0	data/lexicon/l2_surface_hot_ru.txt	phase_surface_boundary_split_13
generated:0309:phase_surface_boundary_split_13		абляцияабонент 	f,kzwbzf,jytyn 	layout	0	data/lexicon/l2_surface_hot_ru.txt	phase_surface_boundary_split_13
generated:0309:phase_surface_boundary_split_13		абляцияабонент 	абляцияабонент	glue	0	data/lexicon/l2_surface_hot_ru.txt	phase_surface_boundary_split_13
generated:0310:phase_surface_boundary_merge_13		абл яция 	абляция 	boundary_merge	1	data/lexicon/l2_surface_hot_ru.txt	phase_surface_boundary_merge_13
generated:0310:phase_surface_boundary_merge_13		абл яция 	абл яция 	keep	0	data/lexicon/l2_surface_hot_ru.txt	phase_surface_boundary_merge_13
generated:0310:phase_surface_boundary_merge_13		абл яция 	f,k zwbz 	layout	0	data/lexicon/l2_surface_hot_ru.txt	phase_surface_boundary_merge_13
generated:0310:phase_surface_boundary_merge_13		абл яция 	абляция	glue	0	data/lexicon/l2_surface_hot_ru.txt	phase_surface_boundary_merge_13
generated:0311:phase_surface_context_choice_13		абонент абялеия 	абонент абляция 	context_choice	1	data/lexicon/l2_surface_hot_ru.txt	phase_surface_context_choice_13
generated:0311:phase_surface_context_choice_13		абонент абялеия 	абонент абялеия 	keep	0	data/lexicon/l2_surface_hot_ru.txt	phase_surface_context_choice_13
generated:0311:phase_surface_context_choice_13		абонент абялеия 	f,jytyn f,zktbz 	layout	0	data/lexicon/l2_surface_hot_ru.txt	phase_surface_context_choice_13
generated:0311:phase_surface_context_choice_13		абонент абялеия 	абонентабялеия	glue	0	data/lexicon/l2_surface_hot_ru.txt	phase_surface_context_choice_13
generated:0312:phase_surface_boundary_split_14		абонентабордаж 	абонент абордаж 	boundary_split	1	data/lexicon/l2_surface_hot_ru.txt	phase_surface_boundary_split_14
generated:0312:phase_surface_boundary_split_14		абонентабордаж 	абонентабордаж 	keep	0	data/lexicon/l2_surface_hot_ru.txt	phase_surface_boundary_split_14
generated:0312:phase_surface_boundary_split_14		абонентабордаж 	f,jytynf,jhlf; 	layout	0	data/lexicon/l2_surface_hot_ru.txt	phase_surface_boundary_split_14
generated:0312:phase_surface_boundary_split_14		абонентабордаж 	абонентабордаж	glue	0	data/lexicon/l2_surface_hot_ru.txt	phase_surface_boundary_split_14
generated:0313:phase_surface_boundary_merge_14		або нент 	абонент 	boundary_merge	1	data/lexicon/l2_surface_hot_ru.txt	phase_surface_boundary_merge_14
generated:0313:phase_surface_boundary_merge_14		або нент 	або нент 	keep	0	data/lexicon/l2_surface_hot_ru.txt	phase_surface_boundary_merge_14
generated:0313:phase_surface_boundary_merge_14		або нент 	f,j ytyn 	layout	0	data/lexicon/l2_surface_hot_ru.txt	phase_surface_boundary_merge_14
generated:0313:phase_surface_boundary_merge_14		або нент 	абонент	glue	0	data/lexicon/l2_surface_hot_ru.txt	phase_surface_boundary_merge_14
generated:0314:phase_surface_context_choice_14		абордаж абоенет 	абордаж абонент 	context_choice	1	data/lexicon/l2_surface_hot_ru.txt	phase_surface_context_choice_14
generated:0314:phase_surface_context_choice_14		абордаж абоенет 	абордаж абоенет 	keep	0	data/lexicon/l2_surface_hot_ru.txt	phase_surface_context_choice_14
generated:0314:phase_surface_context_choice_14		абордаж абоенет 	f,jhlf; f,jtytn 	layout	0	data/lexicon/l2_surface_hot_ru.txt	phase_surface_context_choice_14
generated:0314:phase_surface_context_choice_14		абордаж абоенет 	абордажабоенет	glue	0	data/lexicon/l2_surface_hot_ru.txt	phase_surface_context_choice_14
generated:0315:phase_surface_boundary_split_15		абордажабразив 	абордаж абразив 	boundary_split	1	data/lexicon/l2_surface_hot_ru.txt	phase_surface_boundary_split_15
generated:0315:phase_surface_boundary_split_15		абордажабразив 	абордажабразив 	keep	0	data/lexicon/l2_surface_hot_ru.txt	phase_surface_boundary_split_15
generated:0315:phase_surface_boundary_split_15		абордажабразив 	f,jhlf;f,hfpbd 	layout	0	data/lexicon/l2_surface_hot_ru.txt	phase_surface_boundary_split_15
generated:0315:phase_surface_boundary_split_15		абордажабразив 	абордажабразив	glue	0	data/lexicon/l2_surface_hot_ru.txt	phase_surface_boundary_split_15
generated:0316:phase_surface_boundary_merge_15		або рдаж 	абордаж 	boundary_merge	1	data/lexicon/l2_surface_hot_ru.txt	phase_surface_boundary_merge_15
generated:0316:phase_surface_boundary_merge_15		або рдаж 	або рдаж 	keep	0	data/lexicon/l2_surface_hot_ru.txt	phase_surface_boundary_merge_15
generated:0316:phase_surface_boundary_merge_15		або рдаж 	f,j hlf; 	layout	0	data/lexicon/l2_surface_hot_ru.txt	phase_surface_boundary_merge_15
generated:0316:phase_surface_boundary_merge_15		або рдаж 	абордаж	glue	0	data/lexicon/l2_surface_hot_ru.txt	phase_surface_boundary_merge_15
generated:0317:phase_surface_context_choice_15		абразив абораеж 	абразив абордаж 	context_choice	1	data/lexicon/l2_surface_hot_ru.txt	phase_surface_context_choice_15
generated:0317:phase_surface_context_choice_15		абразив абораеж 	абразив абораеж 	keep	0	data/lexicon/l2_surface_hot_ru.txt	phase_surface_context_choice_15
generated:0317:phase_surface_context_choice_15		абразив абораеж 	f,hfpbd f,jhft; 	layout	0	data/lexicon/l2_surface_hot_ru.txt	phase_surface_context_choice_15
generated:0317:phase_surface_context_choice_15		абразив абораеж 	абразивабораеж	glue	0	data/lexicon/l2_surface_hot_ru.txt	phase_surface_context_choice_15
generated:0318:phase_surface_boundary_split_16		абразивабразия 	абразив абразия 	boundary_split	1	data/lexicon/l2_surface_hot_ru.txt	phase_surface_boundary_split_16
generated:0318:phase_surface_boundary_split_16		абразивабразия 	абразивабразия 	keep	0	data/lexicon/l2_surface_hot_ru.txt	phase_surface_boundary_split_16
generated:0318:phase_surface_boundary_split_16		абразивабразия 	f,hfpbdf,hfpbz 	layout	0	data/lexicon/l2_surface_hot_ru.txt	phase_surface_boundary_split_16
generated:0318:phase_surface_boundary_split_16		абразивабразия 	абразивабразия	glue	0	data/lexicon/l2_surface_hot_ru.txt	phase_surface_boundary_split_16
generated:0319:phase_surface_boundary_merge_16		абр азив 	абразив 	boundary_merge	1	data/lexicon/l2_surface_hot_ru.txt	phase_surface_boundary_merge_16
generated:0319:phase_surface_boundary_merge_16		абр азив 	абр азив 	keep	0	data/lexicon/l2_surface_hot_ru.txt	phase_surface_boundary_merge_16
generated:0319:phase_surface_boundary_merge_16		абр азив 	f,h fpbd 	layout	0	data/lexicon/l2_surface_hot_ru.txt	phase_surface_boundary_merge_16
generated:0319:phase_surface_boundary_merge_16		абр азив 	абразив	glue	0	data/lexicon/l2_surface_hot_ru.txt	phase_surface_boundary_merge_16
generated:0320:phase_surface_context_choice_16		абразия арбезив 	абразия абразив 	context_choice	1	data/lexicon/l2_surface_hot_ru.txt	phase_surface_context_choice_16
generated:0320:phase_surface_context_choice_16		абразия арбезив 	абразия арбезив 	keep	0	data/lexicon/l2_surface_hot_ru.txt	phase_surface_context_choice_16
generated:0320:phase_surface_context_choice_16		абразия арбезив 	f,hfpbz fh,tpbd 	layout	0	data/lexicon/l2_surface_hot_ru.txt	phase_surface_context_choice_16
generated:0320:phase_surface_context_choice_16		абразия арбезив 	абразияарбезив	glue	0	data/lexicon/l2_surface_hot_ru.txt	phase_surface_context_choice_16
generated:0321:phase_surface_boundary_split_17		абразияабреже 	абразия абреже 	boundary_split	1	data/lexicon/l2_surface_hot_ru.txt	phase_surface_boundary_split_17
generated:0321:phase_surface_boundary_split_17		абразияабреже 	абразияабреже 	keep	0	data/lexicon/l2_surface_hot_ru.txt	phase_surface_boundary_split_17
generated:0321:phase_surface_boundary_split_17		абразияабреже 	f,hfpbzf,ht;t 	layout	0	data/lexicon/l2_surface_hot_ru.txt	phase_surface_boundary_split_17
generated:0321:phase_surface_boundary_split_17		абразияабреже 	абразияабреже	glue	0	data/lexicon/l2_surface_hot_ru.txt	phase_surface_boundary_split_17
generated:0322:phase_surface_boundary_merge_17		абр азия 	абразия 	boundary_merge	1	data/lexicon/l2_surface_hot_ru.txt	phase_surface_boundary_merge_17
generated:0322:phase_surface_boundary_merge_17		абр азия 	абр азия 	keep	0	data/lexicon/l2_surface_hot_ru.txt	phase_surface_boundary_merge_17
generated:0322:phase_surface_boundary_merge_17		абр азия 	f,h fpbz 	layout	0	data/lexicon/l2_surface_hot_ru.txt	phase_surface_boundary_merge_17
generated:0322:phase_surface_boundary_merge_17		абр азия 	абразия	glue	0	data/lexicon/l2_surface_hot_ru.txt	phase_surface_boundary_merge_17
generated:0323:phase_surface_context_choice_17		абреже абареия 	абреже абразия 	context_choice	1	data/lexicon/l2_surface_hot_ru.txt	phase_surface_context_choice_17
generated:0323:phase_surface_context_choice_17		абреже абареия 	абреже абареия 	keep	0	data/lexicon/l2_surface_hot_ru.txt	phase_surface_context_choice_17
generated:0323:phase_surface_context_choice_17		абреже абареия 	f,ht;t f,fhtbz 	layout	0	data/lexicon/l2_surface_hot_ru.txt	phase_surface_context_choice_17
generated:0323:phase_surface_context_choice_17		абреже абареия 	абрежеабареия	glue	0	data/lexicon/l2_surface_hot_ru.txt	phase_surface_context_choice_17
generated:0324:phase_surface_boundary_split_18		абрежеабрикос 	абреже абрикос 	boundary_split	1	data/lexicon/l2_surface_hot_ru.txt	phase_surface_boundary_split_18
generated:0324:phase_surface_boundary_split_18		абрежеабрикос 	абрежеабрикос 	keep	0	data/lexicon/l2_surface_hot_ru.txt	phase_surface_boundary_split_18
generated:0324:phase_surface_boundary_split_18		абрежеабрикос 	f,ht;tf,hbrjc 	layout	0	data/lexicon/l2_surface_hot_ru.txt	phase_surface_boundary_split_18
generated:0324:phase_surface_boundary_split_18		абрежеабрикос 	абрежеабрикос	glue	0	data/lexicon/l2_surface_hot_ru.txt	phase_surface_boundary_split_18
generated:0325:phase_surface_boundary_merge_18		абр еже 	абреже 	boundary_merge	1	data/lexicon/l2_surface_hot_ru.txt	phase_surface_boundary_merge_18
generated:0325:phase_surface_boundary_merge_18		абр еже 	абр еже 	keep	0	data/lexicon/l2_surface_hot_ru.txt	phase_surface_boundary_merge_18
generated:0325:phase_surface_boundary_merge_18		абр еже 	f,h t;t 	layout	0	data/lexicon/l2_surface_hot_ru.txt	phase_surface_boundary_merge_18
generated:0325:phase_surface_boundary_merge_18		абр еже 	абреже	glue	0	data/lexicon/l2_surface_hot_ru.txt	phase_surface_boundary_merge_18
generated:0326:phase_surface_context_choice_18		абрикос арбиже 	абрикос абреже 	context_choice	1	data/lexicon/l2_surface_hot_ru.txt	phase_surface_context_choice_18
generated:0326:phase_surface_context_choice_18		абрикос арбиже 	абрикос арбиже 	keep	0	data/lexicon/l2_surface_hot_ru.txt	phase_surface_context_choice_18
generated:0326:phase_surface_context_choice_18		абрикос арбиже 	f,hbrjc fh,b;t 	layout	0	data/lexicon/l2_surface_hot_ru.txt	phase_surface_context_choice_18
generated:0326:phase_surface_context_choice_18		абрикос арбиже 	абрикосарбиже	glue	0	data/lexicon/l2_surface_hot_ru.txt	phase_surface_context_choice_18
generated:0327:phase_surface_boundary_split_19		абрикосабсент 	абрикос абсент 	boundary_split	1	data/lexicon/l2_surface_hot_ru.txt	phase_surface_boundary_split_19
generated:0327:phase_surface_boundary_split_19		абрикосабсент 	абрикосабсент 	keep	0	data/lexicon/l2_surface_hot_ru.txt	phase_surface_boundary_split_19
generated:0327:phase_surface_boundary_split_19		абрикосабсент 	f,hbrjcf,ctyn 	layout	0	data/lexicon/l2_surface_hot_ru.txt	phase_surface_boundary_split_19
generated:0327:phase_surface_boundary_split_19		абрикосабсент 	абрикосабсент	glue	0	data/lexicon/l2_surface_hot_ru.txt	phase_surface_boundary_split_19
generated:0328:phase_surface_boundary_merge_19		абр икос 	абрикос 	boundary_merge	1	data/lexicon/l2_surface_hot_ru.txt	phase_surface_boundary_merge_19
generated:0328:phase_surface_boundary_merge_19		абр икос 	абр икос 	keep	0	data/lexicon/l2_surface_hot_ru.txt	phase_surface_boundary_merge_19
generated:0328:phase_surface_boundary_merge_19		абр икос 	f,h brjc 	layout	0	data/lexicon/l2_surface_hot_ru.txt	phase_surface_boundary_merge_19
generated:0328:phase_surface_boundary_merge_19		абр икос 	абрикос	glue	0	data/lexicon/l2_surface_hot_ru.txt	phase_surface_boundary_merge_19
generated:0329:phase_surface_context_choice_19		абсент абриоес 	абсент абрикос 	context_choice	1	data/lexicon/l2_surface_hot_ru.txt	phase_surface_context_choice_19
generated:0329:phase_surface_context_choice_19		абсент абриоес 	абсент абриоес 	keep	0	data/lexicon/l2_surface_hot_ru.txt	phase_surface_context_choice_19
generated:0329:phase_surface_context_choice_19		абсент абриоес 	f,ctyn f,hbjtc 	layout	0	data/lexicon/l2_surface_hot_ru.txt	phase_surface_context_choice_19
generated:0329:phase_surface_context_choice_19		абсент абриоес 	абсентабриоес	glue	0	data/lexicon/l2_surface_hot_ru.txt	phase_surface_context_choice_19
generated:0330:phase_surface_boundary_split_20		абсентабсолют 	абсент абсолют 	boundary_split	1	data/lexicon/l2_surface_hot_ru.txt	phase_surface_boundary_split_20
generated:0330:phase_surface_boundary_split_20		абсентабсолют 	абсентабсолют 	keep	0	data/lexicon/l2_surface_hot_ru.txt	phase_surface_boundary_split_20
generated:0330:phase_surface_boundary_split_20		абсентабсолют 	f,ctynf,cjk.n 	layout	0	data/lexicon/l2_surface_hot_ru.txt	phase_surface_boundary_split_20
generated:0330:phase_surface_boundary_split_20		абсентабсолют 	абсентабсолют	glue	0	data/lexicon/l2_surface_hot_ru.txt	phase_surface_boundary_split_20
generated:0331:phase_surface_boundary_merge_20		абс ент 	абсент 	boundary_merge	1	data/lexicon/l2_surface_hot_ru.txt	phase_surface_boundary_merge_20
generated:0331:phase_surface_boundary_merge_20		абс ент 	абс ент 	keep	0	data/lexicon/l2_surface_hot_ru.txt	phase_surface_boundary_merge_20
generated:0331:phase_surface_boundary_merge_20		абс ент 	f,c tyn 	layout	0	data/lexicon/l2_surface_hot_ru.txt	phase_surface_boundary_merge_20
generated:0331:phase_surface_boundary_merge_20		абс ент 	абсент	glue	0	data/lexicon/l2_surface_hot_ru.txt	phase_surface_boundary_merge_20
generated:0332:phase_surface_context_choice_20		абсолют абснит 	абсолют абсент 	context_choice	1	data/lexicon/l2_surface_hot_ru.txt	phase_surface_context_choice_20
generated:0332:phase_surface_context_choice_20		абсолют абснит 	абсолют абснит 	keep	0	data/lexicon/l2_surface_hot_ru.txt	phase_surface_context_choice_20
generated:0332:phase_surface_context_choice_20		абсолют абснит 	f,cjk.n f,cybn 	layout	0	data/lexicon/l2_surface_hot_ru.txt	phase_surface_context_choice_20
generated:0332:phase_surface_context_choice_20		абсолют абснит 	абсолютабснит	glue	0	data/lexicon/l2_surface_hot_ru.txt	phase_surface_context_choice_20
generated:0333:phase_surface_boundary_split_21		абсолютабсурд 	абсолют абсурд 	boundary_split	1	data/lexicon/l2_surface_hot_ru.txt	phase_surface_boundary_split_21
generated:0333:phase_surface_boundary_split_21		абсолютабсурд 	абсолютабсурд 	keep	0	data/lexicon/l2_surface_hot_ru.txt	phase_surface_boundary_split_21
generated:0333:phase_surface_boundary_split_21		абсолютабсурд 	f,cjk.nf,cehl 	layout	0	data/lexicon/l2_surface_hot_ru.txt	phase_surface_boundary_split_21
generated:0333:phase_surface_boundary_split_21		абсолютабсурд 	абсолютабсурд	glue	0	data/lexicon/l2_surface_hot_ru.txt	phase_surface_boundary_split_21
generated:0334:phase_surface_boundary_merge_21		абс олют 	абсолют 	boundary_merge	1	data/lexicon/l2_surface_hot_ru.txt	phase_surface_boundary_merge_21
generated:0334:phase_surface_boundary_merge_21		абс олют 	абс олют 	keep	0	data/lexicon/l2_surface_hot_ru.txt	phase_surface_boundary_merge_21
generated:0334:phase_surface_boundary_merge_21		абс олют 	f,c jk.n 	layout	0	data/lexicon/l2_surface_hot_ru.txt	phase_surface_boundary_merge_21
generated:0334:phase_surface_boundary_merge_21		абс олют 	абсолют	glue	0	data/lexicon/l2_surface_hot_ru.txt	phase_surface_boundary_merge_21
generated:0335:phase_surface_context_choice_21		абсурд абосеют 	абсурд абсолют 	context_choice	1	data/lexicon/l2_surface_hot_ru.txt	phase_surface_context_choice_21
generated:0335:phase_surface_context_choice_21		абсурд абосеют 	абсурд абосеют 	keep	0	data/lexicon/l2_surface_hot_ru.txt	phase_surface_context_choice_21
generated:0335:phase_surface_context_choice_21		абсурд абосеют 	f,cehl f,jct.n 	layout	0	data/lexicon/l2_surface_hot_ru.txt	phase_surface_context_choice_21
generated:0335:phase_surface_context_choice_21		абсурд абосеют 	абсурдабосеют	glue	0	data/lexicon/l2_surface_hot_ru.txt	phase_surface_context_choice_21
generated:0336:phase_surface_boundary_split_22		абсурдабсцесс 	абсурд абсцесс 	boundary_split	1	data/lexicon/l2_surface_hot_ru.txt	phase_surface_boundary_split_22
generated:0336:phase_surface_boundary_split_22		абсурдабсцесс 	абсурдабсцесс 	keep	0	data/lexicon/l2_surface_hot_ru.txt	phase_surface_boundary_split_22
generated:0336:phase_surface_boundary_split_22		абсурдабсцесс 	f,cehlf,cwtcc 	layout	0	data/lexicon/l2_surface_hot_ru.txt	phase_surface_boundary_split_22
generated:0336:phase_surface_boundary_split_22		абсурдабсцесс 	абсурдабсцесс	glue	0	data/lexicon/l2_surface_hot_ru.txt	phase_surface_boundary_split_22
generated:0337:phase_surface_boundary_merge_22		абс урд 	абсурд 	boundary_merge	1	data/lexicon/l2_surface_hot_ru.txt	phase_surface_boundary_merge_22
generated:0337:phase_surface_boundary_merge_22		абс урд 	абс урд 	keep	0	data/lexicon/l2_surface_hot_ru.txt	phase_surface_boundary_merge_22
generated:0337:phase_surface_boundary_merge_22		абс урд 	f,c ehl 	layout	0	data/lexicon/l2_surface_hot_ru.txt	phase_surface_boundary_merge_22
generated:0337:phase_surface_boundary_merge_22		абс урд 	абсурд	glue	0	data/lexicon/l2_surface_hot_ru.txt	phase_surface_boundary_merge_22
generated:0338:phase_surface_context_choice_22		абсцесс абусед 	абсцесс абсурд 	context_choice	1	data/lexicon/l2_surface_hot_ru.txt	phase_surface_context_choice_22
generated:0338:phase_surface_context_choice_22		абсцесс абусед 	абсцесс абусед 	keep	0	data/lexicon/l2_surface_hot_ru.txt	phase_surface_context_choice_22
generated:0338:phase_surface_context_choice_22		абсцесс абусед 	f,cwtcc f,ectl 	layout	0	data/lexicon/l2_surface_hot_ru.txt	phase_surface_context_choice_22
generated:0338:phase_surface_context_choice_22		абсцесс абусед 	абсцессабусед	glue	0	data/lexicon/l2_surface_hot_ru.txt	phase_surface_context_choice_22
generated:0339:phase_surface_boundary_split_23		абсцессабулия 	абсцесс абулия 	boundary_split	1	data/lexicon/l2_surface_hot_ru.txt	phase_surface_boundary_split_23
generated:0339:phase_surface_boundary_split_23		абсцессабулия 	абсцессабулия 	keep	0	data/lexicon/l2_surface_hot_ru.txt	phase_surface_boundary_split_23
generated:0339:phase_surface_boundary_split_23		абсцессабулия 	f,cwtccf,ekbz 	layout	0	data/lexicon/l2_surface_hot_ru.txt	phase_surface_boundary_split_23
generated:0339:phase_surface_boundary_split_23		абсцессабулия 	абсцессабулия	glue	0	data/lexicon/l2_surface_hot_ru.txt	phase_surface_boundary_split_23
generated:0340:phase_surface_boundary_merge_23		абс цесс 	абсцесс 	boundary_merge	1	data/lexicon/l2_surface_hot_ru.txt	phase_surface_boundary_merge_23
generated:0340:phase_surface_boundary_merge_23		абс цесс 	абс цесс 	keep	0	data/lexicon/l2_surface_hot_ru.txt	phase_surface_boundary_merge_23
generated:0340:phase_surface_boundary_merge_23		абс цесс 	f,c wtcc 	layout	0	data/lexicon/l2_surface_hot_ru.txt	phase_surface_boundary_merge_23
generated:0340:phase_surface_boundary_merge_23		абс цесс 	абсцесс	glue	0	data/lexicon/l2_surface_hot_ru.txt	phase_surface_boundary_merge_23
generated:0341:phase_surface_context_choice_23		абулия абсцсис 	абулия абсцесс 	context_choice	1	data/lexicon/l2_surface_hot_ru.txt	phase_surface_context_choice_23
generated:0341:phase_surface_context_choice_23		абулия абсцсис 	абулия абсцсис 	keep	0	data/lexicon/l2_surface_hot_ru.txt	phase_surface_context_choice_23
generated:0341:phase_surface_context_choice_23		абулия абсцсис 	f,ekbz f,cwcbc 	layout	0	data/lexicon/l2_surface_hot_ru.txt	phase_surface_context_choice_23
generated:0341:phase_surface_context_choice_23		абулия абсцсис 	абулияабсцсис	glue	0	data/lexicon/l2_surface_hot_ru.txt	phase_surface_context_choice_23
generated:0342:short_alternating_ru_wrong_0		z git b api vs css ns cpu jy gpu d html r json c llm yt log yf md ye pdf gj ram 	я git и api мы css ты cpu он gpu в html к json с llm не log на md ну pdf по ram 	layout	1	tests/fixtures/typing_assist_short_alternating_pairs.tsv	short_alternating_ru_wrong_0
generated:0342:short_alternating_ru_wrong_0		z git b api vs css ns cpu jy gpu d html r json c llm yt log yf md ye pdf gj ram 	z git b api vs css ns cpu jy gpu d html r json c llm yt log yf md ye pdf gj ram 	keep	0	tests/fixtures/typing_assist_short_alternating_pairs.tsv	short_alternating_ru_wrong_0
generated:0342:short_alternating_ru_wrong_0		z git b api vs css ns cpu jy gpu d html r json c llm yt log yf md ye pdf gj ram 	я пше и фзш мы сыы ты сзг он пзг в реьд к оыщт с ддь не дщп на ьв ну зва по кфь 	layout	0	tests/fixtures/typing_assist_short_alternating_pairs.tsv	short_alternating_ru_wrong_0
generated:0342:short_alternating_ru_wrong_0		z git b api vs css ns cpu jy gpu d html r json c llm yt log yf md ye pdf gj ram 	zgitbapivscssnscpujygpudhtmlrjsoncllmytlogyfmdyepdfgjram	glue	0	tests/fixtures/typing_assist_short_alternating_pairs.tsv	short_alternating_ru_wrong_0
generated:0343:short_alternating_en_wrong_0		я пше и фзш мы сыы ты сзг он пзг в реьд к оыщт с ддь не дщп на ьв ну зва по кфь 	я git и api мы css ты cpu он gpu в html к json с llm не log на md ну pdf по ram 	layout	1	tests/fixtures/typing_assist_short_alternating_pairs.tsv	short_alternating_en_wrong_0
generated:0343:short_alternating_en_wrong_0		я пше и фзш мы сыы ты сзг он пзг в реьд к оыщт с ддь не дщп на ьв ну зва по кфь 	я пше и фзш мы сыы ты сзг он пзг в реьд к оыщт с ддь не дщп на ьв ну зва по кфь 	keep	0	tests/fixtures/typing_assist_short_alternating_pairs.tsv	short_alternating_en_wrong_0
generated:0343:short_alternating_en_wrong_0		я пше и фзш мы сыы ты сзг он пзг в реьд к оыщт с ддь не дщп на ьв ну зва по кфь 	z git b api vs css ns cpu jy gpu d html r json c llm yt log yf md ye pdf gj ram 	layout	0	tests/fixtures/typing_assist_short_alternating_pairs.tsv	short_alternating_en_wrong_0
generated:0343:short_alternating_en_wrong_0		я пше и фзш мы сыы ты сзг он пзг в реьд к оыщт с ддь не дщп на ьв ну зва по кфь 	япшеифзшмысыытысзгонпзгвреьдкоыщтсддьнедщпнаьвнузвапокфь	glue	0	tests/fixtures/typing_assist_short_alternating_pairs.tsv	short_alternating_en_wrong_0
generated:0344:short_alternating_all_wrong_0		z пше b фзш vs сыы ns сзг jy пзг d реьд r оыщт c ддь yt дщп yf ьв ye зва gj кфь 	я git и api мы css ты cpu он gpu в html к json с llm не log на md ну pdf по ram 	layout	1	tests/fixtures/typing_assist_short_alternating_pairs.tsv	short_alternating_all_wrong_0
generated:0344:short_alternating_all_wrong_0		z пше b фзш vs сыы ns сзг jy пзг d реьд r оыщт c ддь yt дщп yf ьв ye зва gj кфь 	z пше b фзш vs сыы ns сзг jy пзг d реьд r оыщт c ддь yt дщп yf ьв ye зва gj кфь 	keep	0	tests/fixtures/typing_assist_short_alternating_pairs.tsv	short_alternating_all_wrong_0
generated:0344:short_alternating_all_wrong_0		z пше b фзш vs сыы ns сзг jy пзг d реьд r оыщт c ддь yt дщп yf ьв ye зва gj кфь 	z git b api vs css ns cpu jy gpu d html r json c llm yt log yf md ye pdf gj ram 	layout	0	tests/fixtures/typing_assist_short_alternating_pairs.tsv	short_alternating_all_wrong_0
generated:0344:short_alternating_all_wrong_0		z пше b фзш vs сыы ns сзг jy пзг d реьд r оыщт c ддь yt дщп yf ьв ye зва gj кфь 	я пше и фзш мы сыы ты сзг он пзг в реьд к оыщт с ддь не дщп на ьв ну зва по кфь 	layout	0	tests/fixtures/typing_assist_short_alternating_pairs.tsv	short_alternating_all_wrong_0
generated:0344:short_alternating_all_wrong_0		z пше b фзш vs сыы ns сзг jy пзг d реьд r оыщт c ддь yt дщп yf ьв ye зва gj кфь 	zпшеbфзшvsсыыnsсзгjyпзгdреьдrоыщтcддьytдщпyfьвyeзваgjкфь	glue	0	tests/fixtures/typing_assist_short_alternating_pairs.tsv	short_alternating_all_wrong_0
generated:0345:short_alternating_ru_wrong_1		pf sql djn ssh 'nj vpn lf go rfr in ljv up vbh to rjl on nen off nfv file lkz test ghb push 	за sql вот ssh это vpn да go как in дом up мир to код on тут off там file для test при push 	layout	1	tests/fixtures/typing_assist_short_alternating_pairs.tsv	short_alternating_ru_wrong_1
generated:0345:short_alternating_ru_wrong_1		pf sql djn ssh 'nj vpn lf go rfr in ljv up vbh to rjl on nen off nfv file lkz test ghb push 	pf sql djn ssh 'nj vpn lf go rfr in ljv up vbh to rjl on nen off nfv file lkz test ghb push 	keep	0	tests/fixtures/typing_assist_short_alternating_pairs.tsv	short_alternating_ru_wrong_1
generated:0345:short_alternating_ru_wrong_1		pf sql djn ssh 'nj vpn lf go rfr in ljv up vbh to rjl on nen off nfv file lkz test ghb push 	за ыйд вот ыыр это мзт да пщ как шт дом гз мир ещ код щт тут щаа там ашду для еуые при згыр 	layout	0	tests/fixtures/typing_assist_short_alternating_pairs.tsv	short_alternating_ru_wrong_1
generated:0345:short_alternating_ru_wrong_1		pf sql djn ssh 'nj vpn lf go rfr in ljv up vbh to rjl on nen off nfv file lkz test ghb push 	pfsqldjnssh'njvpnlfgorfrinljvupvbhtorjlonnenoffnfvfilelkztestghbpush	glue	0	tests/fixtures/typing_assist_short_alternating_pairs.tsv	short_alternating_ru_wrong_1
generated:0346:short_alternating_en_wrong_1		за ыйд вот ыыр это мзт да пщ как шт дом гз мир ещ код щт тут щаа там ашду для еуые при згыр 	за sql вот ssh это vpn да go как in дом up мир to код on тут off там file для test при push 	layout	1	tests/fixtures/typing_assist_short_alternating_pairs.tsv	short_alternating_en_wrong_1
generated:0346:short_alternating_en_wrong_1		за ыйд вот ыыр это мзт да пщ как шт дом гз мир ещ код щт тут щаа там ашду для еуые при згыр 	за ыйд вот ыыр это мзт да пщ как шт дом гз мир ещ код щт тут щаа там ашду для еуые при згыр 	keep	0	tests/fixtures/typing_assist_short_alternating_pairs.tsv	short_alternating_en_wrong_1
generated:0346:short_alternating_en_wrong_1		за ыйд вот ыыр это мзт да пщ как шт дом гз мир ещ код щт тут щаа там ашду для еуые при згыр 	pf sql djn ssh 'nj vpn lf go rfr in ljv up vbh to rjl on nen off nfv file lkz test ghb push 	layout	0	tests/fixtures/typing_assist_short_alternating_pairs.tsv	short_alternating_en_wrong_1
generated:0346:short_alternating_en_wrong_1		за ыйд вот ыыр это мзт да пщ как шт дом гз мир ещ код щт тут щаа там ашду для еуые при згыр 	заыйдвотыырэтомзтдапщкакштдомгзмирещкодщттутщаатамашдудляеуыепризгыр	glue	0	tests/fixtures/typing_assist_short_alternating_pairs.tsv	short_alternating_en_wrong_1
generated:0347:short_alternating_all_wrong_1		pf ыйд djn ыыр 'nj мзт lf пщ rfr шт ljv гз vbh ещ rjl щт nen щаа nfv ашду lkz еуые ghb згыр 	за sql вот ssh это vpn да go как in дом up мир to код on тут off там file для test при push 	layout	1	tests/fixtures/typing_assist_short_alternating_pairs.tsv	short_alternating_all_wrong_1
generated:0347:short_alternating_all_wrong_1		pf ыйд djn ыыр 'nj мзт lf пщ rfr шт ljv гз vbh ещ rjl щт nen щаа nfv ашду lkz еуые ghb згыр 	pf ыйд djn ыыр 'nj мзт lf пщ rfr шт ljv гз vbh ещ rjl щт nen щаа nfv ашду lkz еуые ghb згыр 	keep	0	tests/fixtures/typing_assist_short_alternating_pairs.tsv	short_alternating_all_wrong_1
generated:0347:short_alternating_all_wrong_1		pf ыйд djn ыыр 'nj мзт lf пщ rfr шт ljv гз vbh ещ rjl щт nen щаа nfv ашду lkz еуые ghb згыр 	pf sql djn ssh 'nj vpn lf go rfr in ljv up vbh to rjl on nen off nfv file lkz test ghb push 	layout	0	tests/fixtures/typing_assist_short_alternating_pairs.tsv	short_alternating_all_wrong_1
generated:0347:short_alternating_all_wrong_1		pf ыйд djn ыыр 'nj мзт lf пщ rfr шт ljv гз vbh ещ rjl щт nen щаа nfv ашду lkz еуые ghb згыр 	за ыйд вот ыыр это мзт да пщ как шт дом гз мир ещ код щт тут щаа там ашду для еуые при згыр 	layout	0	tests/fixtures/typing_assist_short_alternating_pairs.tsv	short_alternating_all_wrong_1
generated:0347:short_alternating_all_wrong_1		pf ыйд djn ыыр 'nj мзт lf пщ rfr шт ljv гз vbh ещ rjl щт nen щаа nfv ашду lkz еуые ghb згыр 	pfыйдdjnыыр'njмзтlfпщrfrштljvгзvbhещrjlщтnenщааnfvашдуlkzеуыеghbзгыр	glue	0	tests/fixtures/typing_assist_short_alternating_pairs.tsv	short_alternating_all_wrong_1
generated:0348:short_alternating_ru_wrong_2		[jl bash 	ход bash 	layout	1	tests/fixtures/typing_assist_short_alternating_pairs.tsv	short_alternating_ru_wrong_2
generated:0348:short_alternating_ru_wrong_2		[jl bash 	[jl bash 	keep	0	tests/fixtures/typing_assist_short_alternating_pairs.tsv	short_alternating_ru_wrong_2
generated:0348:short_alternating_ru_wrong_2		[jl bash 	ход ифыр 	layout	0	tests/fixtures/typing_assist_short_alternating_pairs.tsv	short_alternating_ru_wrong_2
generated:0348:short_alternating_ru_wrong_2		[jl bash 	[jlbash	glue	0	tests/fixtures/typing_assist_short_alternating_pairs.tsv	short_alternating_ru_wrong_2
generated:0349:short_alternating_en_wrong_2		ход ифыр 	ход bash 	layout	1	tests/fixtures/typing_assist_short_alternating_pairs.tsv	short_alternating_en_wrong_2
generated:0349:short_alternating_en_wrong_2		ход ифыр 	ход ифыр 	keep	0	tests/fixtures/typing_assist_short_alternating_pairs.tsv	short_alternating_en_wrong_2
generated:0349:short_alternating_en_wrong_2		ход ифыр 	[jl bash 	layout	0	tests/fixtures/typing_assist_short_alternating_pairs.tsv	short_alternating_en_wrong_2
generated:0349:short_alternating_en_wrong_2		ход ифыр 	ходифыр	glue	0	tests/fixtures/typing_assist_short_alternating_pairs.tsv	short_alternating_en_wrong_2
generated:0350:short_alternating_all_wrong_2		[jl ифыр 	ход bash 	layout	1	tests/fixtures/typing_assist_short_alternating_pairs.tsv	short_alternating_all_wrong_2
generated:0350:short_alternating_all_wrong_2		[jl ифыр 	[jl ифыр 	keep	0	tests/fixtures/typing_assist_short_alternating_pairs.tsv	short_alternating_all_wrong_2
generated:0350:short_alternating_all_wrong_2		[jl ифыр 	[jl bash 	layout	0	tests/fixtures/typing_assist_short_alternating_pairs.tsv	short_alternating_all_wrong_2
generated:0350:short_alternating_all_wrong_2		[jl ифыр 	ход ифыр 	layout	0	tests/fixtures/typing_assist_short_alternating_pairs.tsv	short_alternating_all_wrong_2
generated:0350:short_alternating_all_wrong_2		[jl ифыр 	[jlифыр	glue	0	tests/fixtures/typing_assist_short_alternating_pairs.tsv	short_alternating_all_wrong_2
generated:0351:technical_ru_layout		фзш 	api 	layout	1	tests/fixtures/typing_assist_ru_to_en_synthetic.txt	technical_ru_layout
generated:0351:technical_ru_layout		фзш 	фзш 	keep	0	tests/fixtures/typing_assist_ru_to_en_synthetic.txt	technical_ru_layout
generated:0351:technical_ru_layout		фзш 	фзш	glue	0	tests/fixtures/typing_assist_ru_to_en_synthetic.txt	technical_ru_layout
generated:0352:technical_ru_layout		ифыр 	bash 	layout	1	tests/fixtures/typing_assist_ru_to_en_synthetic.txt	technical_ru_layout
generated:0352:technical_ru_layout		ифыр 	ифыр 	keep	0	tests/fixtures/typing_assist_ru_to_en_synthetic.txt	technical_ru_layout
generated:0352:technical_ru_layout		ифыр 	ифыр	glue	0	tests/fixtures/typing_assist_ru_to_en_synthetic.txt	technical_ru_layout
generated:0353:technical_ru_layout		сыы 	css 	layout	1	tests/fixtures/typing_assist_ru_to_en_synthetic.txt	technical_ru_layout
generated:0353:technical_ru_layout		сыы 	сыы 	keep	0	tests/fixtures/typing_assist_ru_to_en_synthetic.txt	technical_ru_layout
generated:0353:technical_ru_layout		сыы 	сыы	glue	0	tests/fixtures/typing_assist_ru_to_en_synthetic.txt	technical_ru_layout
generated:0354:technical_ru_layout		ашду 	file 	layout	1	tests/fixtures/typing_assist_ru_to_en_synthetic.txt	technical_ru_layout
generated:0354:technical_ru_layout		ашду 	ашду 	keep	0	tests/fixtures/typing_assist_ru_to_en_synthetic.txt	technical_ru_layout
generated:0354:technical_ru_layout		ашду 	ашду	glue	0	tests/fixtures/typing_assist_ru_to_en_synthetic.txt	technical_ru_layout
generated:0355:technical_ru_layout		пше 	git 	layout	1	tests/fixtures/typing_assist_ru_to_en_synthetic.txt	technical_ru_layout
generated:0355:technical_ru_layout		пше 	пше 	keep	0	tests/fixtures/typing_assist_ru_to_en_synthetic.txt	technical_ru_layout
generated:0355:technical_ru_layout		пше 	пше	glue	0	tests/fixtures/typing_assist_ru_to_en_synthetic.txt	technical_ru_layout
generated:0356:technical_ru_layout		пщ 	go 	layout	1	tests/fixtures/typing_assist_ru_to_en_synthetic.txt	technical_ru_layout
generated:0356:technical_ru_layout		пщ 	пщ 	keep	0	tests/fixtures/typing_assist_ru_to_en_synthetic.txt	technical_ru_layout
generated:0356:technical_ru_layout		пщ 	пщ	glue	0	tests/fixtures/typing_assist_ru_to_en_synthetic.txt	technical_ru_layout
generated:0357:technical_ru_layout		реьд 	html 	layout	1	tests/fixtures/typing_assist_ru_to_en_synthetic.txt	technical_ru_layout
generated:0357:technical_ru_layout		реьд 	реьд 	keep	0	tests/fixtures/typing_assist_ru_to_en_synthetic.txt	technical_ru_layout
generated:0357:technical_ru_layout		реьд 	реьд	glue	0	tests/fixtures/typing_assist_ru_to_en_synthetic.txt	technical_ru_layout
generated:0358:technical_ru_layout		оыщт 	json 	layout	1	tests/fixtures/typing_assist_ru_to_en_synthetic.txt	technical_ru_layout
generated:0358:technical_ru_layout		оыщт 	оыщт 	keep	0	tests/fixtures/typing_assist_ru_to_en_synthetic.txt	technical_ru_layout
generated:0358:technical_ru_layout		оыщт 	оыщт	glue	0	tests/fixtures/typing_assist_ru_to_en_synthetic.txt	technical_ru_layout
generated:0359:technical_ru_layout		дфн 	lay 	layout	1	tests/fixtures/typing_assist_ru_to_en_synthetic.txt	technical_ru_layout
generated:0359:technical_ru_layout		дфн 	дфн 	keep	0	tests/fixtures/typing_assist_ru_to_en_synthetic.txt	technical_ru_layout
generated:0359:technical_ru_layout		дфн 	дфн	glue	0	tests/fixtures/typing_assist_ru_to_en_synthetic.txt	technical_ru_layout
generated:0360:technical_ru_layout		дщп 	log 	layout	1	tests/fixtures/typing_assist_ru_to_en_synthetic.txt	technical_ru_layout
generated:0360:technical_ru_layout		дщп 	дщп 	keep	0	tests/fixtures/typing_assist_ru_to_en_synthetic.txt	technical_ru_layout
generated:0360:technical_ru_layout		дщп 	дщп	glue	0	tests/fixtures/typing_assist_ru_to_en_synthetic.txt	technical_ru_layout
generated:0361:technical_ru_layout		ьв 	md 	layout	1	tests/fixtures/typing_assist_ru_to_en_synthetic.txt	technical_ru_layout
generated:0361:technical_ru_layout		ьв 	ьв 	keep	0	tests/fixtures/typing_assist_ru_to_en_synthetic.txt	technical_ru_layout
generated:0361:technical_ru_layout		ьв 	ьв	glue	0	tests/fixtures/typing_assist_ru_to_en_synthetic.txt	technical_ru_layout
generated:0362:technical_ru_layout		тфтвф 	nanda 	layout	1	tests/fixtures/typing_assist_ru_to_en_synthetic.txt	technical_ru_layout
generated:0362:technical_ru_layout		тфтвф 	тфтвф 	keep	0	tests/fixtures/typing_assist_ru_to_en_synthetic.txt	technical_ru_layout
generated:0362:technical_ru_layout		тфтвф 	тфтвф	glue	0	tests/fixtures/typing_assist_ru_to_en_synthetic.txt	technical_ru_layout
generated:0363:technical_ru_layout		тщву 	node 	layout	1	tests/fixtures/typing_assist_ru_to_en_synthetic.txt	technical_ru_layout
generated:0363:technical_ru_layout		тщву 	тщву 	keep	0	tests/fixtures/typing_assist_ru_to_en_synthetic.txt	technical_ru_layout
generated:0363:technical_ru_layout		тщву 	тщву	glue	0	tests/fixtures/typing_assist_ru_to_en_synthetic.txt	technical_ru_layout
generated:0364:technical_ru_layout		зщке 	port 	layout	1	tests/fixtures/typing_assist_ru_to_en_synthetic.txt	technical_ru_layout
generated:0364:technical_ru_layout		зщке 	зщке 	keep	0	tests/fixtures/typing_assist_ru_to_en_synthetic.txt	technical_ru_layout
generated:0364:technical_ru_layout		зщке 	зщке	glue	0	tests/fixtures/typing_assist_ru_to_en_synthetic.txt	technical_ru_layout
generated:0365:technical_ru_layout		згыр 	push 	layout	1	tests/fixtures/typing_assist_ru_to_en_synthetic.txt	technical_ru_layout
generated:0365:technical_ru_layout		згыр 	згыр 	keep	0	tests/fixtures/typing_assist_ru_to_en_synthetic.txt	technical_ru_layout
generated:0365:technical_ru_layout		згыр 	згыр	glue	0	tests/fixtures/typing_assist_ru_to_en_synthetic.txt	technical_ru_layout
generated:0366:technical_ru_layout		кгые 	rust 	layout	1	tests/fixtures/typing_assist_ru_to_en_synthetic.txt	technical_ru_layout
generated:0366:technical_ru_layout		кгые 	кгые 	keep	0	tests/fixtures/typing_assist_ru_to_en_synthetic.txt	technical_ru_layout
generated:0366:technical_ru_layout		кгые 	кгые	glue	0	tests/fixtures/typing_assist_ru_to_en_synthetic.txt	technical_ru_layout
generated:0367:technical_ru_layout		ыыр 	ssh 	layout	1	tests/fixtures/typing_assist_ru_to_en_synthetic.txt	technical_ru_layout
generated:0367:technical_ru_layout		ыыр 	ыыр 	keep	0	tests/fixtures/typing_assist_ru_to_en_synthetic.txt	technical_ru_layout
generated:0367:technical_ru_layout		ыыр 	ыыр	glue	0	tests/fixtures/typing_assist_ru_to_en_synthetic.txt	technical_ru_layout
generated:0368:technical_ru_layout		еуые 	test 	layout	1	tests/fixtures/typing_assist_ru_to_en_synthetic.txt	technical_ru_layout
generated:0368:technical_ru_layout		еуые 	еуые 	keep	0	tests/fixtures/typing_assist_ru_to_en_synthetic.txt	technical_ru_layout
generated:0368:technical_ru_layout		еуые 	еуые	glue	0	tests/fixtures/typing_assist_ru_to_en_synthetic.txt	technical_ru_layout
generated:0369:technical_ru_layout		мзт 	vpn 	layout	1	tests/fixtures/typing_assist_ru_to_en_synthetic.txt	technical_ru_layout
generated:0369:technical_ru_layout		мзт 	мзт 	keep	0	tests/fixtures/typing_assist_ru_to_en_synthetic.txt	technical_ru_layout
generated:0369:technical_ru_layout		мзт 	мзт	glue	0	tests/fixtures/typing_assist_ru_to_en_synthetic.txt	technical_ru_layout
generated:0370:clean_mixed_keep		я проверяю git status и Windows NTFS 	я проверяю git status и Windows NTFS 	keep	1	tests/fixtures/typing_assist_clean_mixed.txt	clean_mixed_keep
generated:0370:clean_mixed_keep		я проверяю git status и Windows NTFS 	z ghjdthz. git status b Windows NTFS 	layout	0	tests/fixtures/typing_assist_clean_mixed.txt	clean_mixed_keep
generated:0370:clean_mixed_keep		я проверяю git status и Windows NTFS 	я проверяю пше ыефегы и Цштвщцы ТЕАЫ 	layout	0	tests/fixtures/typing_assist_clean_mixed.txt	clean_mixed_keep
generated:0370:clean_mixed_keep		я проверяю git status и Windows NTFS 	япроверяюgitstatusиWindowsNTFS	glue	0	tests/fixtures/typing_assist_clean_mixed.txt	clean_mixed_keep
generated:0371:clean_mixed_keep		тут good test рядом с русским текстом 	тут good test рядом с русским текстом 	keep	1	tests/fixtures/typing_assist_clean_mixed.txt	clean_mixed_keep
generated:0371:clean_mixed_keep		тут good test рядом с русским текстом 	nen good test hzljv c heccrbv ntrcnjv 	layout	0	tests/fixtures/typing_assist_clean_mixed.txt	clean_mixed_keep
generated:0371:clean_mixed_keep		тут good test рядом с русским текстом 	тут пщщв еуые рядом с русским текстом 	layout	0	tests/fixtures/typing_assist_clean_mixed.txt	clean_mixed_keep
generated:0371:clean_mixed_keep		тут good test рядом с русским текстом 	тутgoodtestрядомсрусскимтекстом	glue	0	tests/fixtures/typing_assist_clean_mixed.txt	clean_mixed_keep
generated:0372:clean_mixed_keep		wi-fi работает и API JSON остаются как есть 	wi-fi работает и API JSON остаются как есть 	keep	1	tests/fixtures/typing_assist_clean_mixed.txt	clean_mixed_keep
generated:0372:clean_mixed_keep		wi-fi работает и API JSON остаются как есть 	wi-fi hf,jnftn b API JSON jcnf.ncz rfr tcnm 	layout	0	tests/fixtures/typing_assist_clean_mixed.txt	clean_mixed_keep
generated:0372:clean_mixed_keep		wi-fi работает и API JSON остаются как есть 	цш-аш работает и ФЗШ ОЫЩТ остаются как есть 	layout	0	tests/fixtures/typing_assist_clean_mixed.txt	clean_mixed_keep
generated:0372:clean_mixed_keep		wi-fi работает и API JSON остаются как есть 	wi-fiработаетиAPIJSONостаютсякакесть	glue	0	tests/fixtures/typing_assist_clean_mixed.txt	clean_mixed_keep
generated:0373:clean_mixed_keep		Chrome GNOME Linux file mode code data 	Chrome GNOME Linux file mode code data 	keep	1	tests/fixtures/typing_assist_clean_mixed.txt	clean_mixed_keep
generated:0373:clean_mixed_keep		Chrome GNOME Linux file mode code data 	Сркщьу ПТЩЬУ Дштгч ашду ьщву сщву вфеф 	layout	0	tests/fixtures/typing_assist_clean_mixed.txt	clean_mixed_keep
generated:0373:clean_mixed_keep		Chrome GNOME Linux file mode code data 	ChromeGNOMELinuxfilemodecodedata	glue	0	tests/fixtures/typing_assist_clean_mixed.txt	clean_mixed_keep
generated:0374:clean_mixed_keep		это нормальная русская фраза без правки 	это нормальная русская фраза без правки 	keep	1	tests/fixtures/typing_assist_clean_mixed.txt	clean_mixed_keep
generated:0374:clean_mixed_keep		это нормальная русская фраза без правки 	'nj yjhvfkmyfz heccrfz ahfpf ,tp ghfdrb 	layout	0	tests/fixtures/typing_assist_clean_mixed.txt	clean_mixed_keep
generated:0374:clean_mixed_keep		это нормальная русская фраза без правки 	этонормальнаярусскаяфразабезправки	glue	0	tests/fixtures/typing_assist_clean_mixed.txt	clean_mixed_keep
generated:0375:shell_keep		git status; echo hello? files 100%	git status; echo hello? files 100%	keep	1	tests/fixtures/typing_assist_shell_keep.txt	shell_keep
generated:0375:shell_keep		git status; echo hello? files 100%	git status$ echo hello& files 100%	layout	0	tests/fixtures/typing_assist_shell_keep.txt	shell_keep
generated:0375:shell_keep		git status; echo hello? files 100%	пше ыефегыж усрщ руддщ, ашдуы 100%	layout	0	tests/fixtures/typing_assist_shell_keep.txt	shell_keep
generated:0375:shell_keep		git status; echo hello? files 100%	gitstatus;echohello?files100%	glue	0	tests/fixtures/typing_assist_shell_keep.txt	shell_keep
generated:0376:shell_keep		ls -la | grep test && echo 100%	ls -la | grep test && echo 100%	keep	1	tests/fixtures/typing_assist_shell_keep.txt	shell_keep
generated:0376:shell_keep		ls -la | grep test && echo 100%	ды -дф | пкуз еуые ?? усрщ 100%	layout	0	tests/fixtures/typing_assist_shell_keep.txt	shell_keep
generated:0376:shell_keep		ls -la | grep test && echo 100%	ls-la|greptest&&echo100%	glue	0	tests/fixtures/typing_assist_shell_keep.txt	shell_keep
generated:0377:shell_keep		curl -I https://example.com/path?x=1; echo ok	curl -I https://example.com/path?x=1; echo ok	keep	1	tests/fixtures/typing_assist_shell_keep.txt	shell_keep
generated:0377:shell_keep		curl -I https://example.com/path?x=1; echo ok	curl -I https^//example/com/path&x=1$ echo ok	layout	0	tests/fixtures/typing_assist_shell_keep.txt	shell_keep
generated:0377:shell_keep		curl -I https://example.com/path?x=1; echo ok	сгкд -Ш реезыЖ..учфьздуюсщь.зфер,ч=1ж усрщ щл	layout	0	tests/fixtures/typing_assist_shell_keep.txt	shell_keep
generated:0377:shell_keep		curl -I https://example.com/path?x=1; echo ok	curl-Ihttps://example.com/path?x=1;echook	glue	0	tests/fixtures/typing_assist_shell_keep.txt	shell_keep
generated:0378:shell_keep		command -f file.txt && command -r repo && command -c config	command -f file.txt && command -r repo && command -c config	keep	1	tests/fixtures/typing_assist_shell_keep.txt	shell_keep
generated:0378:shell_keep		command -f file.txt && command -r repo && command -c config	command -f file/txt && command -r repo && command -c config	layout	0	tests/fixtures/typing_assist_shell_keep.txt	shell_keep
generated:0378:shell_keep		command -f file.txt && command -r repo && command -c config	сщььфтв -а ашдуюече ?? сщььфтв -к кузщ ?? сщььфтв -с сщташп	layout	0	tests/fixtures/typing_assist_shell_keep.txt	shell_keep
generated:0378:shell_keep		command -f file.txt && command -r repo && command -c config	command-ffile.txt&&command-rrepo&&command-cconfig	glue	0	tests/fixtures/typing_assist_shell_keep.txt	shell_keep
generated:0379:shell_keep		grep --color=auto -n test file.txt	grep --color=auto -n test file.txt	keep	1	tests/fixtures/typing_assist_shell_keep.txt	shell_keep
generated:0379:shell_keep		grep --color=auto -n test file.txt	grep --color=auto -n test file/txt	layout	0	tests/fixtures/typing_assist_shell_keep.txt	shell_keep
generated:0379:shell_keep		grep --color=auto -n test file.txt	пкуз --сщдщк=фгещ -т еуые ашдуюече	layout	0	tests/fixtures/typing_assist_shell_keep.txt	shell_keep
generated:0379:shell_keep		grep --color=auto -n test file.txt	grep--color=auto-ntestfile.txt	glue	0	tests/fixtures/typing_assist_shell_keep.txt	shell_keep
generated:0380:shell_keep		git checkout -b feature && git status	git checkout -b feature && git status	keep	1	tests/fixtures/typing_assist_shell_keep.txt	shell_keep
generated:0380:shell_keep		git checkout -b feature && git status	пше сруслщге -и ауфегку ?? пше ыефегы	layout	0	tests/fixtures/typing_assist_shell_keep.txt	shell_keep
generated:0380:shell_keep		git checkout -b feature && git status	gitcheckout-bfeature&&gitstatus	glue	0	tests/fixtures/typing_assist_shell_keep.txt	shell_keep
generated:0381:shell_keep		git branch -D old && git checkout -b new	git branch -D old && git checkout -b new	keep	1	tests/fixtures/typing_assist_shell_keep.txt	shell_keep
generated:0381:shell_keep		git branch -D old && git checkout -b new	пше икфтср -В щдв ?? пше сруслщге -и туц	layout	0	tests/fixtures/typing_assist_shell_keep.txt	shell_keep
generated:0381:shell_keep		git branch -D old && git checkout -b new	gitbranch-Dold&&gitcheckout-bnew	glue	0	tests/fixtures/typing_assist_shell_keep.txt	shell_keep
generated:0382:shell_keep		git checkout -b # create branch	git checkout -b # create branch	keep	1	tests/fixtures/typing_assist_shell_keep.txt	shell_keep
generated:0382:shell_keep		git checkout -b # create branch	пше сруслщге -и № скуфеу икфтср	layout	0	tests/fixtures/typing_assist_shell_keep.txt	shell_keep
generated:0382:shell_keep		git checkout -b # create branch	gitcheckout-b#createbranch	glue	0	tests/fixtures/typing_assist_shell_keep.txt	shell_keep
generated:0383:shell_keep		cd 	cd 	keep	1	tests/fixtures/typing_assist_shell_keep.txt	shell_keep
generated:0383:shell_keep		cd 	св 	layout	0	tests/fixtures/typing_assist_shell_keep.txt	shell_keep
generated:0383:shell_keep		cd 	cd	glue	0	tests/fixtures/typing_assist_shell_keep.txt	shell_keep
generated:0384:shell_keep		ls 	ls 	keep	1	tests/fixtures/typing_assist_shell_keep.txt	shell_keep
generated:0384:shell_keep		ls 	ды 	layout	0	tests/fixtures/typing_assist_shell_keep.txt	shell_keep
generated:0384:shell_keep		ls 	ls	glue	0	tests/fixtures/typing_assist_shell_keep.txt	shell_keep
generated:0385:shell_keep		rm 	rm 	keep	1	tests/fixtures/typing_assist_shell_keep.txt	shell_keep
generated:0385:shell_keep		rm 	кь 	layout	0	tests/fixtures/typing_assist_shell_keep.txt	shell_keep
generated:0385:shell_keep		rm 	rm	glue	0	tests/fixtures/typing_assist_shell_keep.txt	shell_keep
generated:0386:shell_keep		cp 	cp 	keep	1	tests/fixtures/typing_assist_shell_keep.txt	shell_keep
generated:0386:shell_keep		cp 	сз 	layout	0	tests/fixtures/typing_assist_shell_keep.txt	shell_keep
generated:0386:shell_keep		cp 	cp	glue	0	tests/fixtures/typing_assist_shell_keep.txt	shell_keep
generated:0387:shell_keep		mv 	mv 	keep	1	tests/fixtures/typing_assist_shell_keep.txt	shell_keep
generated:0387:shell_keep		mv 	ьм 	layout	0	tests/fixtures/typing_assist_shell_keep.txt	shell_keep
generated:0387:shell_keep		mv 	mv	glue	0	tests/fixtures/typing_assist_shell_keep.txt	shell_keep
generated:0388:shell_keep		ps 	ps 	keep	1	tests/fixtures/typing_assist_shell_keep.txt	shell_keep
generated:0388:shell_keep		ps 	зы 	layout	0	tests/fixtures/typing_assist_shell_keep.txt	shell_keep
generated:0388:shell_keep		ps 	ps	glue	0	tests/fixtures/typing_assist_shell_keep.txt	shell_keep
generated:0389:shell_keep		su 	su 	keep	1	tests/fixtures/typing_assist_shell_keep.txt	shell_keep
generated:0389:shell_keep		su 	ыг 	layout	0	tests/fixtures/typing_assist_shell_keep.txt	shell_keep
generated:0389:shell_keep		su 	su	glue	0	tests/fixtures/typing_assist_shell_keep.txt	shell_keep
generated:0390:shell_keep		du 	du 	keep	1	tests/fixtures/typing_assist_shell_keep.txt	shell_keep
generated:0390:shell_keep		du 	вг 	layout	0	tests/fixtures/typing_assist_shell_keep.txt	shell_keep
generated:0390:shell_keep		du 	du	glue	0	tests/fixtures/typing_assist_shell_keep.txt	shell_keep
generated:0391:shell_keep		df 	df 	keep	1	tests/fixtures/typing_assist_shell_keep.txt	shell_keep
generated:0391:shell_keep		df 	ва 	layout	0	tests/fixtures/typing_assist_shell_keep.txt	shell_keep
generated:0391:shell_keep		df 	df	glue	0	tests/fixtures/typing_assist_shell_keep.txt	shell_keep
generated:0392:shell_keep		pwd 	pwd 	keep	1	tests/fixtures/typing_assist_shell_keep.txt	shell_keep
generated:0392:shell_keep		pwd 	зцв 	layout	0	tests/fixtures/typing_assist_shell_keep.txt	shell_keep
generated:0392:shell_keep		pwd 	pwd	glue	0	tests/fixtures/typing_assist_shell_keep.txt	shell_keep
generated:0393:shell_keep		cat 	cat 	keep	1	tests/fixtures/typing_assist_shell_keep.txt	shell_keep
generated:0393:shell_keep		cat 	сфе 	layout	0	tests/fixtures/typing_assist_shell_keep.txt	shell_keep
generated:0393:shell_keep		cat 	cat	glue	0	tests/fixtures/typing_assist_shell_keep.txt	shell_keep
generated:0394:shell_keep		echo 	echo 	keep	1	tests/fixtures/typing_assist_shell_keep.txt	shell_keep
generated:0394:shell_keep		echo 	усрщ 	layout	0	tests/fixtures/typing_assist_shell_keep.txt	shell_keep
generated:0394:shell_keep		echo 	echo	glue	0	tests/fixtures/typing_assist_shell_keep.txt	shell_keep
generated:0395:shell_keep		grep 	grep 	keep	1	tests/fixtures/typing_assist_shell_keep.txt	shell_keep
generated:0395:shell_keep		grep 	пкуз 	layout	0	tests/fixtures/typing_assist_shell_keep.txt	shell_keep
generated:0395:shell_keep		grep 	grep	glue	0	tests/fixtures/typing_assist_shell_keep.txt	shell_keep
generated:0396:shell_keep		find 	find 	keep	1	tests/fixtures/typing_assist_shell_keep.txt	shell_keep
generated:0396:shell_keep		find 	аштв 	layout	0	tests/fixtures/typing_assist_shell_keep.txt	shell_keep
generated:0396:shell_keep		find 	find	glue	0	tests/fixtures/typing_assist_shell_keep.txt	shell_keep
generated:0397:shell_keep		sed 	sed 	keep	1	tests/fixtures/typing_assist_shell_keep.txt	shell_keep
generated:0397:shell_keep		sed 	ыув 	layout	0	tests/fixtures/typing_assist_shell_keep.txt	shell_keep
generated:0397:shell_keep		sed 	sed	glue	0	tests/fixtures/typing_assist_shell_keep.txt	shell_keep
generated:0398:shell_keep		awk 	awk 	keep	1	tests/fixtures/typing_assist_shell_keep.txt	shell_keep
generated:0398:shell_keep		awk 	фцл 	layout	0	tests/fixtures/typing_assist_shell_keep.txt	shell_keep
generated:0398:shell_keep		awk 	awk	glue	0	tests/fixtures/typing_assist_shell_keep.txt	shell_keep
generated:0399:shell_keep		tar 	tar 	keep	1	tests/fixtures/typing_assist_shell_keep.txt	shell_keep
generated:0399:shell_keep		tar 	ефк 	layout	0	tests/fixtures/typing_assist_shell_keep.txt	shell_keep
generated:0399:shell_keep		tar 	tar	glue	0	tests/fixtures/typing_assist_shell_keep.txt	shell_keep
generated:0400:shell_keep		ssh 	ssh 	keep	1	tests/fixtures/typing_assist_shell_keep.txt	shell_keep
generated:0400:shell_keep		ssh 	ыыр 	layout	0	tests/fixtures/typing_assist_shell_keep.txt	shell_keep
generated:0400:shell_keep		ssh 	ssh	glue	0	tests/fixtures/typing_assist_shell_keep.txt	shell_keep
generated:0401:shell_keep		scp 	scp 	keep	1	tests/fixtures/typing_assist_shell_keep.txt	shell_keep
generated:0401:shell_keep		scp 	ысз 	layout	0	tests/fixtures/typing_assist_shell_keep.txt	shell_keep
generated:0401:shell_keep		scp 	scp	glue	0	tests/fixtures/typing_assist_shell_keep.txt	shell_keep
generated:0402:shell_keep		rsync 	rsync 	keep	1	tests/fixtures/typing_assist_shell_keep.txt	shell_keep
generated:0402:shell_keep		rsync 	кынтс 	layout	0	tests/fixtures/typing_assist_shell_keep.txt	shell_keep
generated:0402:shell_keep		rsync 	rsync	glue	0	tests/fixtures/typing_assist_shell_keep.txt	shell_keep
generated:0403:shell_keep		sudo 	sudo 	keep	1	tests/fixtures/typing_assist_shell_keep.txt	shell_keep
generated:0403:shell_keep		sudo 	ыгвщ 	layout	0	tests/fixtures/typing_assist_shell_keep.txt	shell_keep
generated:0403:shell_keep		sudo 	sudo	glue	0	tests/fixtures/typing_assist_shell_keep.txt	shell_keep
generated:0404:shell_keep		chmod 	chmod 	keep	1	tests/fixtures/typing_assist_shell_keep.txt	shell_keep
generated:0404:shell_keep		chmod 	срьщв 	layout	0	tests/fixtures/typing_assist_shell_keep.txt	shell_keep
generated:0404:shell_keep		chmod 	chmod	glue	0	tests/fixtures/typing_assist_shell_keep.txt	shell_keep
generated:0405:shell_keep		chown 	chown 	keep	1	tests/fixtures/typing_assist_shell_keep.txt	shell_keep
generated:0405:shell_keep		chown 	срщцт 	layout	0	tests/fixtures/typing_assist_shell_keep.txt	shell_keep
generated:0405:shell_keep		chown 	chown	glue	0	tests/fixtures/typing_assist_shell_keep.txt	shell_keep
generated:0406:shell_keep		mkdir 	mkdir 	keep	1	tests/fixtures/typing_assist_shell_keep.txt	shell_keep
generated:0406:shell_keep		mkdir 	ьлвшк 	layout	0	tests/fixtures/typing_assist_shell_keep.txt	shell_keep
generated:0406:shell_keep		mkdir 	mkdir	glue	0	tests/fixtures/typing_assist_shell_keep.txt	shell_keep
generated:0407:shell_keep		rmdir 	rmdir 	keep	1	tests/fixtures/typing_assist_shell_keep.txt	shell_keep
generated:0407:shell_keep		rmdir 	кьвшк 	layout	0	tests/fixtures/typing_assist_shell_keep.txt	shell_keep
generated:0407:shell_keep		rmdir 	rmdir	glue	0	tests/fixtures/typing_assist_shell_keep.txt	shell_keep
generated:0408:shell_keep		touch 	touch 	keep	1	tests/fixtures/typing_assist_shell_keep.txt	shell_keep
generated:0408:shell_keep		touch 	ещгср 	layout	0	tests/fixtures/typing_assist_shell_keep.txt	shell_keep
generated:0408:shell_keep		touch 	touch	glue	0	tests/fixtures/typing_assist_shell_keep.txt	shell_keep
generated:0409:shell_keep		ln 	ln 	keep	1	tests/fixtures/typing_assist_shell_keep.txt	shell_keep
generated:0409:shell_keep		ln 	дт 	layout	0	tests/fixtures/typing_assist_shell_keep.txt	shell_keep
generated:0409:shell_keep		ln 	ln	glue	0	tests/fixtures/typing_assist_shell_keep.txt	shell_keep
generated:0410:shell_keep		man 	man 	keep	1	tests/fixtures/typing_assist_shell_keep.txt	shell_keep
generated:0410:shell_keep		man 	ьфт 	layout	0	tests/fixtures/typing_assist_shell_keep.txt	shell_keep
generated:0410:shell_keep		man 	man	glue	0	tests/fixtures/typing_assist_shell_keep.txt	shell_keep
generated:0411:shell_keep		apt 	apt 	keep	1	tests/fixtures/typing_assist_shell_keep.txt	shell_keep
generated:0411:shell_keep		apt 	фзе 	layout	0	tests/fixtures/typing_assist_shell_keep.txt	shell_keep
generated:0411:shell_keep		apt 	apt	glue	0	tests/fixtures/typing_assist_shell_keep.txt	shell_keep
generated:0412:shell_keep		curl 	curl 	keep	1	tests/fixtures/typing_assist_shell_keep.txt	shell_keep
generated:0412:shell_keep		curl 	сгкд 	layout	0	tests/fixtures/typing_assist_shell_keep.txt	shell_keep
generated:0412:shell_keep		curl 	curl	glue	0	tests/fixtures/typing_assist_shell_keep.txt	shell_keep
generated:0413:shell_keep		wget 	wget 	keep	1	tests/fixtures/typing_assist_shell_keep.txt	shell_keep
generated:0413:shell_keep		wget 	цпуе 	layout	0	tests/fixtures/typing_assist_shell_keep.txt	shell_keep
generated:0413:shell_keep		wget 	wget	glue	0	tests/fixtures/typing_assist_shell_keep.txt	shell_keep
generated:0414:shell_keep		cd ~/projects/lay && git status 	cd ~/projects/lay && git status 	keep	1	tests/fixtures/typing_assist_shell_keep.txt	shell_keep
generated:0414:shell_keep		cd ~/projects/lay && git status 	св Ё.зкщоусеы.дфн ?? пше ыефегы 	layout	0	tests/fixtures/typing_assist_shell_keep.txt	shell_keep
generated:0414:shell_keep		cd ~/projects/lay && git status 	cd~/projects/lay&&gitstatus	glue	0	tests/fixtures/typing_assist_shell_keep.txt	shell_keep
generated:0415:shell_keep		cd /tmp && ls -la | grep lay 	cd /tmp && ls -la | grep lay 	keep	1	tests/fixtures/typing_assist_shell_keep.txt	shell_keep
generated:0415:shell_keep		cd /tmp && ls -la | grep lay 	св .еьз ?? ды -дф | пкуз дфн 	layout	0	tests/fixtures/typing_assist_shell_keep.txt	shell_keep
generated:0415:shell_keep		cd /tmp && ls -la | grep lay 	cd/tmp&&ls-la|greplay	glue	0	tests/fixtures/typing_assist_shell_keep.txt	shell_keep
generated:0416:shell_keep		sudo apt install cargo 	sudo apt install cargo 	keep	1	tests/fixtures/typing_assist_shell_keep.txt	shell_keep
generated:0416:shell_keep		sudo apt install cargo 	ыгвщ фзе штыефдд сфкпщ 	layout	0	tests/fixtures/typing_assist_shell_keep.txt	shell_keep
generated:0416:shell_keep		sudo apt install cargo 	sudoaptinstallcargo	glue	0	tests/fixtures/typing_assist_shell_keep.txt	shell_keep
generated:0417:shell_keep		find . -type f | xargs grep cd 	find . -type f | xargs grep cd 	keep	1	tests/fixtures/typing_assist_shell_keep.txt	shell_keep
generated:0417:shell_keep		find . -type f | xargs grep cd 	find / -type f | xargs grep cd 	layout	0	tests/fixtures/typing_assist_shell_keep.txt	shell_keep
generated:0417:shell_keep		find . -type f | xargs grep cd 	аштв ю -ензу а | чфкпы пкуз св 	layout	0	tests/fixtures/typing_assist_shell_keep.txt	shell_keep
generated:0417:shell_keep		find . -type f | xargs grep cd 	find.-typef|xargsgrepcd	glue	0	tests/fixtures/typing_assist_shell_keep.txt	shell_keep
generated:0418:shell_keep		tar -xf archive.tar && rm archive.tar 	tar -xf archive.tar && rm archive.tar 	keep	1	tests/fixtures/typing_assist_shell_keep.txt	shell_keep
generated:0418:shell_keep		tar -xf archive.tar && rm archive.tar 	tar -xf archive/tar && rm archive/tar 	layout	0	tests/fixtures/typing_assist_shell_keep.txt	shell_keep
generated:0418:shell_keep		tar -xf archive.tar && rm archive.tar 	ефк -ча фксршмуюефк ?? кь фксршмуюефк 	layout	0	tests/fixtures/typing_assist_shell_keep.txt	shell_keep
generated:0418:shell_keep		tar -xf archive.tar && rm archive.tar 	tar-xfarchive.tar&&rmarchive.tar	glue	0	tests/fixtures/typing_assist_shell_keep.txt	shell_keep
